ID,Class
25321.jpg,YOUNG
989.jpg,YOUNG
19277.jpg,MIDDLE
13093.jpg,YOUNG
5367.jpg,OLD
19851.jpg,MIDDLE
10384.jpg,MIDDLE
24567.jpg,YOUNG
2029.jpg,MIDDLE
4956.jpg,MIDDLE
26131.jpg,MIDDLE
17407.jpg,MIDDLE
11136.jpg,MIDDLE
23038.jpg,YOUNG
6333.jpg,YOUNG
25076.jpg,MIDDLE
22102.jpg,YOUNG
12396.jpg,MIDDLE
24719.jpg,YOUNG
21354.jpg,MIDDLE
15362.jpg,YOUNG
10415.jpg,OLD
5295.jpg,YOUNG
5531.jpg,YOUNG
16784.jpg,OLD
22442.jpg,YOUNG
16794.jpg,MIDDLE
11261.jpg,YOUNG
11540.jpg,MIDDLE
24286.jpg,MIDDLE
5997.jpg,YOUNG
4115.jpg,MIDDLE
23605.jpg,YOUNG
5640.jpg,MIDDLE
22459.jpg,OLD
24442.jpg,YOUNG
13300.jpg,YOUNG
23446.jpg,YOUNG
8907.jpg,YOUNG
9497.jpg,YOUNG
4530.jpg,MIDDLE
24152.jpg,MIDDLE
26181.jpg,MIDDLE
20786.jpg,YOUNG
13099.jpg,YOUNG
10797.jpg,YOUNG
4642.jpg,MIDDLE
24350.jpg,YOUNG
2384.jpg,YOUNG
4490.jpg,YOUNG
2823.jpg,YOUNG
18937.jpg,YOUNG
1292.jpg,MIDDLE
1663.jpg,YOUNG
503.jpg,MIDDLE
22686.jpg,OLD
18205.jpg,YOUNG
7306.jpg,MIDDLE
10900.jpg,YOUNG
12532.jpg,YOUNG
9272.jpg,YOUNG
23320.jpg,YOUNG
2298.jpg,MIDDLE
15041.jpg,YOUNG
23386.jpg,YOUNG
8865.jpg,OLD
18894.jpg,MIDDLE
14232.jpg,MIDDLE
4636.jpg,YOUNG
13609.jpg,MIDDLE
5141.jpg,YOUNG
16092.jpg,YOUNG
23806.jpg,OLD
14763.jpg,YOUNG
1933.jpg,YOUNG
12917.jpg,MIDDLE
18140.jpg,OLD
7711.jpg,OLD
16442.jpg,MIDDLE
18731.jpg,YOUNG
1376.jpg,YOUNG
11482.jpg,MIDDLE
6894.jpg,MIDDLE
8191.jpg,YOUNG
7911.jpg,MIDDLE
14689.jpg,MIDDLE
25571.jpg,MIDDLE
4671.jpg,YOUNG
25710.jpg,MIDDLE
23044.jpg,YOUNG
10649.jpg,OLD
16249.jpg,MIDDLE
3464.jpg,MIDDLE
2629.jpg,MIDDLE
2428.jpg,MIDDLE
16217.jpg,MIDDLE
10249.jpg,OLD
3613.jpg,MIDDLE
25659.jpg,YOUNG
7501.jpg,OLD
25761.jpg,MIDDLE
19089.jpg,MIDDLE
20533.jpg,MIDDLE
2858.jpg,MIDDLE
17232.jpg,OLD
3231.jpg,YOUNG
18082.jpg,MIDDLE
23427.jpg,YOUNG
21470.jpg,MIDDLE
22629.jpg,YOUNG
9837.jpg,YOUNG
17170.jpg,MIDDLE
21993.jpg,OLD
21618.jpg,YOUNG
25295.jpg,YOUNG
16673.jpg,MIDDLE
11097.jpg,MIDDLE
10495.jpg,YOUNG
15512.jpg,MIDDLE
3833.jpg,MIDDLE
14499.jpg,MIDDLE
11137.jpg,MIDDLE
17768.jpg,MIDDLE
7960.jpg,YOUNG
5486.jpg,MIDDLE
15810.jpg,MIDDLE
25061.jpg,MIDDLE
13328.jpg,MIDDLE
5877.jpg,MIDDLE
4402.jpg,MIDDLE
18881.jpg,MIDDLE
25202.jpg,MIDDLE
2754.jpg,MIDDLE
23763.jpg,YOUNG
13345.jpg,MIDDLE
2974.jpg,YOUNG
19444.jpg,MIDDLE
1668.jpg,MIDDLE
21202.jpg,YOUNG
3381.jpg,MIDDLE
19413.jpg,MIDDLE
8648.jpg,YOUNG
20221.jpg,OLD
6910.jpg,MIDDLE
21932.jpg,MIDDLE
10274.jpg,MIDDLE
15827.jpg,MIDDLE
6208.jpg,YOUNG
1765.jpg,YOUNG
13448.jpg,YOUNG
18033.jpg,OLD
3536.jpg,MIDDLE
21105.jpg,YOUNG
12546.jpg,MIDDLE
21808.jpg,MIDDLE
6250.jpg,MIDDLE
11947.jpg,MIDDLE
10228.jpg,YOUNG
21394.jpg,YOUNG
19823.jpg,YOUNG
23314.jpg,MIDDLE
2963.jpg,YOUNG
14291.jpg,YOUNG
10479.jpg,YOUNG
6939.jpg,MIDDLE
21559.jpg,MIDDLE
21537.jpg,MIDDLE
8089.jpg,YOUNG
2957.jpg,MIDDLE
4105.jpg,MIDDLE
4847.jpg,MIDDLE
2785.jpg,MIDDLE
24357.jpg,MIDDLE
3627.jpg,YOUNG
2130.jpg,MIDDLE
5310.jpg,YOUNG
4261.jpg,OLD
495.jpg,YOUNG
23589.jpg,MIDDLE
14185.jpg,YOUNG
2976.jpg,OLD
11021.jpg,MIDDLE
13509.jpg,YOUNG
23110.jpg,YOUNG
19159.jpg,YOUNG
24459.jpg,YOUNG
19289.jpg,OLD
19341.jpg,MIDDLE
20925.jpg,YOUNG
7056.jpg,YOUNG
23157.jpg,MIDDLE
23759.jpg,YOUNG
12618.jpg,YOUNG
12835.jpg,YOUNG
8902.jpg,MIDDLE
837.jpg,YOUNG
7697.jpg,OLD
18928.jpg,YOUNG
6885.jpg,OLD
6653.jpg,YOUNG
22509.jpg,YOUNG
5252.jpg,YOUNG
12691.jpg,MIDDLE
15891.jpg,MIDDLE
1011.jpg,YOUNG
6947.jpg,YOUNG
105.jpg,MIDDLE
4374.jpg,MIDDLE
23780.jpg,MIDDLE
25099.jpg,YOUNG
7806.jpg,MIDDLE
12159.jpg,YOUNG
14676.jpg,YOUNG
15431.jpg,MIDDLE
7312.jpg,YOUNG
7385.jpg,YOUNG
23697.jpg,MIDDLE
25039.jpg,MIDDLE
12172.jpg,YOUNG
5653.jpg,MIDDLE
4887.jpg,OLD
18268.jpg,MIDDLE
5720.jpg,YOUNG
21190.jpg,YOUNG
26292.jpg,YOUNG
7776.jpg,YOUNG
19799.jpg,MIDDLE
24571.jpg,MIDDLE
10498.jpg,MIDDLE
22282.jpg,YOUNG
25416.jpg,MIDDLE
22001.jpg,MIDDLE
5709.jpg,MIDDLE
1099.jpg,MIDDLE
19961.jpg,MIDDLE
6709.jpg,YOUNG
11294.jpg,MIDDLE
3235.jpg,YOUNG
7964.jpg,YOUNG
13854.jpg,MIDDLE
9108.jpg,YOUNG
10714.jpg,YOUNG
10.jpg,YOUNG
23361.jpg,MIDDLE
10089.jpg,YOUNG
20587.jpg,YOUNG
20459.jpg,YOUNG
3764.jpg,YOUNG
12001.jpg,YOUNG
9051.jpg,MIDDLE
7176.jpg,YOUNG
25479.jpg,YOUNG
26094.jpg,MIDDLE
23077.jpg,MIDDLE
19287.jpg,MIDDLE
3711.jpg,YOUNG
3944.jpg,YOUNG
12621.jpg,MIDDLE
17146.jpg,YOUNG
13919.jpg,MIDDLE
8559.jpg,MIDDLE
25920.jpg,YOUNG
19602.jpg,YOUNG
15977.jpg,MIDDLE
4242.jpg,OLD
18988.jpg,MIDDLE
23619.jpg,MIDDLE
13143.jpg,OLD
1433.jpg,MIDDLE
20537.jpg,MIDDLE
2681.jpg,YOUNG
25716.jpg,MIDDLE
182.jpg,MIDDLE
20984.jpg,YOUNG
15870.jpg,MIDDLE
25363.jpg,MIDDLE
9946.jpg,OLD
16321.jpg,YOUNG
21155.jpg,YOUNG
3760.jpg,YOUNG
5308.jpg,YOUNG
9604.jpg,YOUNG
24500.jpg,MIDDLE
9664.jpg,OLD
4266.jpg,OLD
2179.jpg,MIDDLE
11336.jpg,YOUNG
5904.jpg,YOUNG
19326.jpg,YOUNG
23819.jpg,MIDDLE
8726.jpg,YOUNG
25983.jpg,YOUNG
7222.jpg,YOUNG
14109.jpg,MIDDLE
16791.jpg,MIDDLE
23381.jpg,YOUNG
8202.jpg,OLD
6729.jpg,OLD
19717.jpg,MIDDLE
14497.jpg,MIDDLE
24454.jpg,MIDDLE
2953.jpg,OLD
10617.jpg,YOUNG
8296.jpg,YOUNG
12786.jpg,MIDDLE
22421.jpg,YOUNG
8918.jpg,YOUNG
18707.jpg,YOUNG
5060.jpg,YOUNG
6124.jpg,OLD
20260.jpg,YOUNG
2912.jpg,MIDDLE
146.jpg,YOUNG
6355.jpg,OLD
24252.jpg,OLD
23515.jpg,YOUNG
20145.jpg,YOUNG
2537.jpg,YOUNG
23341.jpg,YOUNG
10603.jpg,MIDDLE
3594.jpg,MIDDLE
25375.jpg,YOUNG
7778.jpg,MIDDLE
19520.jpg,MIDDLE
14686.jpg,MIDDLE
5263.jpg,YOUNG
15998.jpg,YOUNG
15942.jpg,MIDDLE
3028.jpg,MIDDLE
12150.jpg,OLD
22746.jpg,YOUNG
18141.jpg,YOUNG
9446.jpg,MIDDLE
1027.jpg,YOUNG
2606.jpg,OLD
26480.jpg,YOUNG
1842.jpg,MIDDLE
1710.jpg,MIDDLE
1367.jpg,YOUNG
21450.jpg,MIDDLE
23624.jpg,MIDDLE
10186.jpg,OLD
14608.jpg,YOUNG
23300.jpg,MIDDLE
19124.jpg,OLD
17421.jpg,YOUNG
22339.jpg,MIDDLE
13175.jpg,MIDDLE
15165.jpg,YOUNG
14658.jpg,YOUNG
916.jpg,MIDDLE
16247.jpg,MIDDLE
20907.jpg,MIDDLE
13641.jpg,OLD
13431.jpg,YOUNG
26170.jpg,MIDDLE
22873.jpg,MIDDLE
1984.jpg,MIDDLE
6086.jpg,OLD
26281.jpg,MIDDLE
19739.jpg,YOUNG
921.jpg,YOUNG
12769.jpg,MIDDLE
13023.jpg,MIDDLE
3790.jpg,YOUNG
21801.jpg,YOUNG
10591.jpg,YOUNG
6348.jpg,YOUNG
17260.jpg,MIDDLE
7491.jpg,OLD
12524.jpg,YOUNG
23220.jpg,YOUNG
26090.jpg,YOUNG
18646.jpg,OLD
25409.jpg,MIDDLE
1608.jpg,YOUNG
11496.jpg,MIDDLE
9876.jpg,OLD
5901.jpg,OLD
2863.jpg,YOUNG
19429.jpg,YOUNG
18049.jpg,YOUNG
15934.jpg,YOUNG
23422.jpg,MIDDLE
375.jpg,MIDDLE
21493.jpg,MIDDLE
10243.jpg,YOUNG
10764.jpg,MIDDLE
21634.jpg,MIDDLE
1457.jpg,YOUNG
22807.jpg,MIDDLE
16899.jpg,OLD
12219.jpg,MIDDLE
5685.jpg,MIDDLE
9143.jpg,YOUNG
20824.jpg,YOUNG
25275.jpg,OLD
21488.jpg,MIDDLE
24171.jpg,MIDDLE
21332.jpg,MIDDLE
11210.jpg,MIDDLE
26199.jpg,YOUNG
25497.jpg,OLD
25656.jpg,YOUNG
200.jpg,YOUNG
11090.jpg,YOUNG
7366.jpg,MIDDLE
14558.jpg,MIDDLE
10233.jpg,YOUNG
16634.jpg,YOUNG
12211.jpg,MIDDLE
24362.jpg,MIDDLE
13732.jpg,YOUNG
25161.jpg,YOUNG
4797.jpg,YOUNG
8700.jpg,YOUNG
16533.jpg,OLD
1607.jpg,YOUNG
23703.jpg,YOUNG
25778.jpg,YOUNG
9599.jpg,OLD
2308.jpg,YOUNG
981.jpg,MIDDLE
1701.jpg,YOUNG
26442.jpg,YOUNG
12271.jpg,YOUNG
23212.jpg,YOUNG
5928.jpg,MIDDLE
24008.jpg,MIDDLE
14054.jpg,YOUNG
12760.jpg,YOUNG
16323.jpg,MIDDLE
10663.jpg,YOUNG
23128.jpg,MIDDLE
17524.jpg,YOUNG
4400.jpg,MIDDLE
23156.jpg,YOUNG
25096.jpg,MIDDLE
9907.jpg,MIDDLE
9874.jpg,YOUNG
4064.jpg,YOUNG
10889.jpg,MIDDLE
380.jpg,YOUNG
9182.jpg,MIDDLE
15541.jpg,MIDDLE
19430.jpg,MIDDLE
10706.jpg,YOUNG
1643.jpg,YOUNG
24598.jpg,MIDDLE
15320.jpg,OLD
3400.jpg,MIDDLE
3881.jpg,YOUNG
7718.jpg,OLD
20574.jpg,MIDDLE
22723.jpg,YOUNG
799.jpg,MIDDLE
25507.jpg,MIDDLE
23529.jpg,OLD
3532.jpg,YOUNG
10124.jpg,MIDDLE
17290.jpg,OLD
14873.jpg,YOUNG
20760.jpg,YOUNG
15325.jpg,MIDDLE
21311.jpg,YOUNG
9679.jpg,YOUNG
254.jpg,MIDDLE
24539.jpg,OLD
5600.jpg,OLD
8760.jpg,YOUNG
18767.jpg,MIDDLE
8299.jpg,MIDDLE
1046.jpg,MIDDLE
13067.jpg,MIDDLE
7024.jpg,YOUNG
22974.jpg,YOUNG
21587.jpg,OLD
6562.jpg,YOUNG
9261.jpg,MIDDLE
24551.jpg,OLD
24207.jpg,YOUNG
2516.jpg,YOUNG
14524.jpg,MIDDLE
22700.jpg,MIDDLE
6607.jpg,YOUNG
207.jpg,YOUNG
8885.jpg,YOUNG
25421.jpg,MIDDLE
2736.jpg,YOUNG
6620.jpg,YOUNG
6945.jpg,MIDDLE
7243.jpg,YOUNG
21736.jpg,YOUNG
3919.jpg,MIDDLE
1725.jpg,YOUNG
22132.jpg,MIDDLE
23217.jpg,YOUNG
23690.jpg,MIDDLE
19888.jpg,YOUNG
6518.jpg,MIDDLE
20122.jpg,MIDDLE
5722.jpg,MIDDLE
1566.jpg,YOUNG
18086.jpg,YOUNG
10194.jpg,YOUNG
21551.jpg,YOUNG
141.jpg,YOUNG
22005.jpg,OLD
25688.jpg,MIDDLE
18142.jpg,MIDDLE
10523.jpg,MIDDLE
72.jpg,MIDDLE
16404.jpg,MIDDLE
13419.jpg,YOUNG
18023.jpg,YOUNG
21306.jpg,MIDDLE
15411.jpg,YOUNG
2213.jpg,YOUNG
13330.jpg,MIDDLE
16281.jpg,MIDDLE
7526.jpg,YOUNG
13557.jpg,YOUNG
3267.jpg,YOUNG
13140.jpg,YOUNG
18557.jpg,MIDDLE
20148.jpg,MIDDLE
8969.jpg,YOUNG
10703.jpg,MIDDLE
13078.jpg,MIDDLE
6873.jpg,YOUNG
12987.jpg,MIDDLE
15873.jpg,MIDDLE
16810.jpg,YOUNG
11799.jpg,MIDDLE
16417.jpg,YOUNG
11687.jpg,YOUNG
954.jpg,YOUNG
9704.jpg,YOUNG
823.jpg,MIDDLE
5487.jpg,YOUNG
16152.jpg,YOUNG
19690.jpg,OLD
9925.jpg,YOUNG
10670.jpg,MIDDLE
20933.jpg,MIDDLE
2166.jpg,YOUNG
7628.jpg,MIDDLE
7874.jpg,MIDDLE
20279.jpg,YOUNG
17987.jpg,MIDDLE
12050.jpg,YOUNG
525.jpg,MIDDLE
14336.jpg,MIDDLE
4726.jpg,MIDDLE
1746.jpg,MIDDLE
25104.jpg,MIDDLE
5835.jpg,YOUNG
25534.jpg,YOUNG
18796.jpg,YOUNG
8182.jpg,MIDDLE
5808.jpg,YOUNG
17185.jpg,MIDDLE
8926.jpg,MIDDLE
24792.jpg,MIDDLE
11043.jpg,MIDDLE
11494.jpg,MIDDLE
10077.jpg,MIDDLE
25019.jpg,YOUNG
6865.jpg,MIDDLE
13999.jpg,YOUNG
11661.jpg,MIDDLE
1737.jpg,OLD
23823.jpg,MIDDLE
2354.jpg,OLD
5028.jpg,MIDDLE
13825.jpg,YOUNG
21855.jpg,YOUNG
7438.jpg,MIDDLE
24857.jpg,YOUNG
15700.jpg,OLD
24168.jpg,MIDDLE
3909.jpg,MIDDLE
16627.jpg,MIDDLE
16433.jpg,OLD
22514.jpg,YOUNG
2307.jpg,OLD
13247.jpg,YOUNG
18936.jpg,YOUNG
9217.jpg,MIDDLE
21531.jpg,YOUNG
12805.jpg,OLD
4355.jpg,YOUNG
2958.jpg,YOUNG
6561.jpg,YOUNG
627.jpg,YOUNG
7051.jpg,OLD
18879.jpg,YOUNG
20917.jpg,OLD
13812.jpg,MIDDLE
446.jpg,MIDDLE
539.jpg,YOUNG
1726.jpg,OLD
14161.jpg,MIDDLE
21753.jpg,YOUNG
24915.jpg,MIDDLE
865.jpg,MIDDLE
17299.jpg,OLD
21573.jpg,OLD
20790.jpg,YOUNG
24708.jpg,MIDDLE
8217.jpg,MIDDLE
4942.jpg,YOUNG
14756.jpg,MIDDLE
25179.jpg,OLD
12083.jpg,YOUNG
3899.jpg,OLD
6157.jpg,MIDDLE
12393.jpg,YOUNG
14622.jpg,MIDDLE
18876.jpg,MIDDLE
2618.jpg,YOUNG
13136.jpg,MIDDLE
312.jpg,OLD
25287.jpg,MIDDLE
4300.jpg,YOUNG
18927.jpg,YOUNG
12709.jpg,MIDDLE
6059.jpg,YOUNG
6636.jpg,MIDDLE
5248.jpg,MIDDLE
17980.jpg,MIDDLE
17045.jpg,MIDDLE
18472.jpg,YOUNG
18883.jpg,MIDDLE
2671.jpg,YOUNG
9052.jpg,YOUNG
11788.jpg,YOUNG
25852.jpg,OLD
24770.jpg,MIDDLE
974.jpg,YOUNG
13296.jpg,MIDDLE
11356.jpg,YOUNG
12418.jpg,MIDDLE
23537.jpg,MIDDLE
9964.jpg,MIDDLE
15375.jpg,MIDDLE
22174.jpg,OLD
25049.jpg,YOUNG
7332.jpg,MIDDLE
25115.jpg,MIDDLE
9678.jpg,MIDDLE
21449.jpg,MIDDLE
26097.jpg,YOUNG
1528.jpg,MIDDLE
13365.jpg,MIDDLE
1392.jpg,YOUNG
12417.jpg,YOUNG
20477.jpg,MIDDLE
2053.jpg,YOUNG
18143.jpg,OLD
5379.jpg,MIDDLE
7183.jpg,YOUNG
17014.jpg,MIDDLE
10644.jpg,MIDDLE
14216.jpg,YOUNG
25348.jpg,MIDDLE
7131.jpg,YOUNG
20922.jpg,YOUNG
21353.jpg,MIDDLE
21670.jpg,YOUNG
24530.jpg,YOUNG
1732.jpg,MIDDLE
20179.jpg,MIDDLE
18634.jpg,YOUNG
5325.jpg,OLD
1949.jpg,MIDDLE
25988.jpg,MIDDLE
10876.jpg,MIDDLE
12703.jpg,YOUNG
8562.jpg,OLD
3895.jpg,YOUNG
20103.jpg,YOUNG
2345.jpg,YOUNG
14387.jpg,YOUNG
26237.jpg,YOUNG
3192.jpg,OLD
25071.jpg,YOUNG
23340.jpg,MIDDLE
12209.jpg,MIDDLE
25686.jpg,MIDDLE
14760.jpg,MIDDLE
5927.jpg,YOUNG
18759.jpg,MIDDLE
8218.jpg,MIDDLE
22347.jpg,YOUNG
11589.jpg,YOUNG
7254.jpg,YOUNG
19742.jpg,YOUNG
8457.jpg,YOUNG
11801.jpg,MIDDLE
21053.jpg,YOUNG
8175.jpg,OLD
1948.jpg,YOUNG
24747.jpg,MIDDLE
10848.jpg,YOUNG
11826.jpg,MIDDLE
17098.jpg,OLD
9563.jpg,MIDDLE
5564.jpg,YOUNG
26174.jpg,OLD
17118.jpg,OLD
7798.jpg,YOUNG
22596.jpg,MIDDLE
2539.jpg,MIDDLE
4425.jpg,MIDDLE
5462.jpg,YOUNG
15186.jpg,YOUNG
3284.jpg,MIDDLE
24914.jpg,YOUNG
4676.jpg,OLD
11172.jpg,YOUNG
24420.jpg,MIDDLE
13947.jpg,YOUNG
11731.jpg,OLD
13382.jpg,MIDDLE
15228.jpg,MIDDLE
3187.jpg,MIDDLE
13976.jpg,YOUNG
11772.jpg,YOUNG
21715.jpg,YOUNG
13178.jpg,MIDDLE
12115.jpg,YOUNG
21380.jpg,MIDDLE
1911.jpg,MIDDLE
1234.jpg,YOUNG
3132.jpg,MIDDLE
18587.jpg,YOUNG
3460.jpg,MIDDLE
4244.jpg,MIDDLE
21518.jpg,MIDDLE
23981.jpg,OLD
12534.jpg,YOUNG
8634.jpg,MIDDLE
4913.jpg,YOUNG
4973.jpg,MIDDLE
13455.jpg,YOUNG
13946.jpg,YOUNG
24921.jpg,MIDDLE
5046.jpg,YOUNG
10484.jpg,MIDDLE
18724.jpg,YOUNG
4866.jpg,MIDDLE
22913.jpg,YOUNG
12991.jpg,YOUNG
25733.jpg,MIDDLE
18338.jpg,YOUNG
6804.jpg,YOUNG
25290.jpg,MIDDLE
14991.jpg,YOUNG
7666.jpg,MIDDLE
26163.jpg,YOUNG
23880.jpg,OLD
25665.jpg,MIDDLE
21074.jpg,MIDDLE
5550.jpg,MIDDLE
25162.jpg,MIDDLE
2949.jpg,YOUNG
16675.jpg,MIDDLE
25632.jpg,YOUNG
11708.jpg,YOUNG
17651.jpg,YOUNG
9362.jpg,YOUNG
26037.jpg,YOUNG
4818.jpg,YOUNG
26252.jpg,MIDDLE
6740.jpg,YOUNG
3225.jpg,MIDDLE
18329.jpg,YOUNG
24176.jpg,YOUNG
16753.jpg,YOUNG
10418.jpg,OLD
6837.jpg,YOUNG
15835.jpg,MIDDLE
6022.jpg,YOUNG
3771.jpg,YOUNG
24808.jpg,YOUNG
22369.jpg,MIDDLE
6842.jpg,MIDDLE
15992.jpg,YOUNG
11671.jpg,MIDDLE
5862.jpg,YOUNG
3268.jpg,YOUNG
9338.jpg,MIDDLE
24671.jpg,YOUNG
5265.jpg,MIDDLE
26395.jpg,YOUNG
19990.jpg,MIDDLE
25776.jpg,YOUNG
17245.jpg,OLD
20227.jpg,MIDDLE
24088.jpg,YOUNG
19387.jpg,OLD
24183.jpg,YOUNG
23853.jpg,MIDDLE
23674.jpg,MIDDLE
12064.jpg,OLD
4185.jpg,MIDDLE
17774.jpg,YOUNG
12900.jpg,MIDDLE
7740.jpg,YOUNG
15587.jpg,YOUNG
5140.jpg,MIDDLE
20331.jpg,MIDDLE
25897.jpg,MIDDLE
5443.jpg,MIDDLE
3234.jpg,YOUNG
19756.jpg,MIDDLE
2413.jpg,YOUNG
10521.jpg,MIDDLE
1000.jpg,MIDDLE
22987.jpg,MIDDLE
13651.jpg,YOUNG
6353.jpg,MIDDLE
1072.jpg,MIDDLE
21038.jpg,YOUNG
9163.jpg,YOUNG
4476.jpg,MIDDLE
8824.jpg,YOUNG
3683.jpg,MIDDLE
22276.jpg,MIDDLE
5146.jpg,YOUNG
11284.jpg,YOUNG
3845.jpg,OLD
23003.jpg,YOUNG
23476.jpg,MIDDLE
11512.jpg,YOUNG
23245.jpg,MIDDLE
24444.jpg,YOUNG
11937.jpg,MIDDLE
16629.jpg,YOUNG
9731.jpg,OLD
12020.jpg,YOUNG
14979.jpg,MIDDLE
6055.jpg,MIDDLE
25855.jpg,MIDDLE
22452.jpg,MIDDLE
12907.jpg,MIDDLE
17327.jpg,MIDDLE
14981.jpg,MIDDLE
231.jpg,OLD
15276.jpg,OLD
3396.jpg,OLD
7957.jpg,OLD
18748.jpg,OLD
2970.jpg,YOUNG
20507.jpg,MIDDLE
1778.jpg,MIDDLE
18543.jpg,MIDDLE
1966.jpg,YOUNG
9549.jpg,YOUNG
12673.jpg,MIDDLE
161.jpg,YOUNG
7376.jpg,MIDDLE
7276.jpg,MIDDLE
8731.jpg,YOUNG
7493.jpg,YOUNG
16867.jpg,MIDDLE
12864.jpg,MIDDLE
18073.jpg,YOUNG
19882.jpg,OLD
13229.jpg,MIDDLE
4693.jpg,MIDDLE
13783.jpg,MIDDLE
24809.jpg,OLD
23681.jpg,OLD
4669.jpg,YOUNG
20190.jpg,YOUNG
21333.jpg,MIDDLE
6645.jpg,MIDDLE
23580.jpg,MIDDLE
16118.jpg,YOUNG
14317.jpg,OLD
2441.jpg,MIDDLE
24277.jpg,MIDDLE
3326.jpg,MIDDLE
6882.jpg,MIDDLE
10254.jpg,MIDDLE
277.jpg,MIDDLE
3069.jpg,YOUNG
14549.jpg,YOUNG
23528.jpg,MIDDLE
16900.jpg,MIDDLE
11488.jpg,YOUNG
20963.jpg,MIDDLE
19740.jpg,YOUNG
5348.jpg,MIDDLE
24867.jpg,YOUNG
4637.jpg,MIDDLE
25768.jpg,YOUNG
5719.jpg,MIDDLE
11918.jpg,MIDDLE
2416.jpg,OLD
16017.jpg,YOUNG
14303.jpg,MIDDLE
13886.jpg,YOUNG
22133.jpg,YOUNG
26088.jpg,YOUNG
20127.jpg,MIDDLE
24801.jpg,MIDDLE
4005.jpg,YOUNG
14722.jpg,OLD
5674.jpg,YOUNG
10939.jpg,YOUNG
12791.jpg,MIDDLE
26394.jpg,MIDDLE
3669.jpg,MIDDLE
5764.jpg,OLD
1731.jpg,YOUNG
5493.jpg,MIDDLE
3210.jpg,YOUNG
16762.jpg,YOUNG
24013.jpg,MIDDLE
21163.jpg,MIDDLE
20173.jpg,YOUNG
23432.jpg,MIDDLE
17404.jpg,YOUNG
3121.jpg,MIDDLE
20765.jpg,YOUNG
5502.jpg,YOUNG
23804.jpg,MIDDLE
20320.jpg,MIDDLE
3340.jpg,MIDDLE
21510.jpg,OLD
22754.jpg,YOUNG
9560.jpg,MIDDLE
25794.jpg,MIDDLE
440.jpg,MIDDLE
10170.jpg,OLD
7552.jpg,MIDDLE
13630.jpg,MIDDLE
14776.jpg,MIDDLE
6835.jpg,MIDDLE
18306.jpg,YOUNG
15142.jpg,YOUNG
971.jpg,MIDDLE
22620.jpg,YOUNG
2414.jpg,OLD
6057.jpg,OLD
12078.jpg,MIDDLE
23074.jpg,YOUNG
4221.jpg,YOUNG
22190.jpg,MIDDLE
14352.jpg,YOUNG
9919.jpg,MIDDLE
13870.jpg,MIDDLE
7738.jpg,YOUNG
6108.jpg,YOUNG
10995.jpg,YOUNG
21393.jpg,MIDDLE
13748.jpg,YOUNG
20791.jpg,MIDDLE
12823.jpg,MIDDLE
10121.jpg,YOUNG
15158.jpg,MIDDLE
11308.jpg,MIDDLE
5485.jpg,OLD
18619.jpg,MIDDLE
11379.jpg,OLD
4690.jpg,MIDDLE
9144.jpg,MIDDLE
5429.jpg,MIDDLE
25428.jpg,MIDDLE
17408.jpg,YOUNG
21985.jpg,YOUNG
11046.jpg,YOUNG
9996.jpg,MIDDLE
20816.jpg,YOUNG
3080.jpg,MIDDLE
2262.jpg,MIDDLE
4315.jpg,YOUNG
7942.jpg,MIDDLE
20724.jpg,OLD
5794.jpg,MIDDLE
13472.jpg,MIDDLE
8305.jpg,YOUNG
10409.jpg,YOUNG
449.jpg,YOUNG
17221.jpg,MIDDLE
5575.jpg,MIDDLE
5698.jpg,YOUNG
8935.jpg,MIDDLE
22815.jpg,MIDDLE
1377.jpg,MIDDLE
8659.jpg,MIDDLE
7369.jpg,OLD
4729.jpg,YOUNG
11323.jpg,MIDDLE
17805.jpg,MIDDLE
20225.jpg,YOUNG
7848.jpg,YOUNG
17517.jpg,MIDDLE
14283.jpg,OLD
24102.jpg,YOUNG
14803.jpg,OLD
10684.jpg,YOUNG
16013.jpg,MIDDLE
7607.jpg,YOUNG
20753.jpg,YOUNG
13743.jpg,YOUNG
387.jpg,MIDDLE
7669.jpg,YOUNG
18.jpg,OLD
1399.jpg,MIDDLE
15071.jpg,OLD
6520.jpg,MIDDLE
12672.jpg,OLD
22962.jpg,OLD
21609.jpg,MIDDLE
8139.jpg,YOUNG
22542.jpg,OLD
11563.jpg,MIDDLE
26265.jpg,MIDDLE
4190.jpg,MIDDLE
10151.jpg,YOUNG
20543.jpg,OLD
22995.jpg,YOUNG
21945.jpg,MIDDLE
17018.jpg,MIDDLE
18508.jpg,YOUNG
23598.jpg,MIDDLE
26171.jpg,MIDDLE
16064.jpg,YOUNG
3681.jpg,YOUNG
1293.jpg,MIDDLE
11558.jpg,MIDDLE
17686.jpg,YOUNG
19642.jpg,MIDDLE
21210.jpg,MIDDLE
1463.jpg,YOUNG
3282.jpg,MIDDLE
24208.jpg,YOUNG
5809.jpg,MIDDLE
13484.jpg,YOUNG
13686.jpg,MIDDLE
10951.jpg,YOUNG
10818.jpg,MIDDLE
740.jpg,MIDDLE
24472.jpg,MIDDLE
6556.jpg,MIDDLE
11372.jpg,MIDDLE
647.jpg,OLD
178.jpg,YOUNG
19649.jpg,MIDDLE
13195.jpg,YOUNG
20178.jpg,MIDDLE
16672.jpg,MIDDLE
3548.jpg,YOUNG
16985.jpg,YOUNG
22619.jpg,MIDDLE
274.jpg,YOUNG
10678.jpg,YOUNG
16663.jpg,YOUNG
5937.jpg,MIDDLE
18286.jpg,MIDDLE
11702.jpg,MIDDLE
25952.jpg,YOUNG
26215.jpg,YOUNG
10012.jpg,MIDDLE
18233.jpg,YOUNG
19978.jpg,YOUNG
11612.jpg,MIDDLE
7662.jpg,YOUNG
13490.jpg,MIDDLE
13222.jpg,MIDDLE
12766.jpg,YOUNG
3709.jpg,MIDDLE
24849.jpg,MIDDLE
14218.jpg,MIDDLE
15765.jpg,YOUNG
12529.jpg,MIDDLE
32.jpg,YOUNG
1468.jpg,YOUNG
26217.jpg,MIDDLE
3310.jpg,YOUNG
20966.jpg,YOUNG
4877.jpg,MIDDLE
10039.jpg,MIDDLE
12191.jpg,YOUNG
11559.jpg,OLD
9345.jpg,YOUNG
19967.jpg,MIDDLE
7498.jpg,MIDDLE
13585.jpg,MIDDLE
6963.jpg,MIDDLE
17021.jpg,MIDDLE
24739.jpg,YOUNG
9868.jpg,YOUNG
4486.jpg,MIDDLE
3306.jpg,OLD
3834.jpg,MIDDLE
22086.jpg,MIDDLE
22218.jpg,OLD
15813.jpg,MIDDLE
9442.jpg,MIDDLE
22209.jpg,YOUNG
5380.jpg,YOUNG
1229.jpg,YOUNG
4993.jpg,YOUNG
4663.jpg,MIDDLE
22778.jpg,YOUNG
15727.jpg,MIDDLE
1047.jpg,YOUNG
19981.jpg,MIDDLE
13492.jpg,OLD
19553.jpg,YOUNG
7317.jpg,YOUNG
22799.jpg,MIDDLE
4627.jpg,OLD
7990.jpg,YOUNG
25618.jpg,YOUNG
4277.jpg,OLD
11163.jpg,YOUNG
8505.jpg,MIDDLE
130.jpg,OLD
7326.jpg,MIDDLE
16765.jpg,MIDDLE
17808.jpg,MIDDLE
8576.jpg,MIDDLE
6197.jpg,MIDDLE
11094.jpg,YOUNG
8419.jpg,YOUNG
9259.jpg,YOUNG
14995.jpg,MIDDLE
2674.jpg,OLD
4063.jpg,YOUNG
25698.jpg,MIDDLE
7643.jpg,OLD
3271.jpg,YOUNG
24549.jpg,MIDDLE
17950.jpg,YOUNG
18469.jpg,MIDDLE
21539.jpg,YOUNG
2182.jpg,YOUNG
20292.jpg,YOUNG
22812.jpg,MIDDLE
22691.jpg,OLD
23810.jpg,MIDDLE
16557.jpg,MIDDLE
2219.jpg,YOUNG
12752.jpg,MIDDLE
4746.jpg,YOUNG
4722.jpg,YOUNG
7044.jpg,MIDDLE
9040.jpg,MIDDLE
9292.jpg,MIDDLE
25742.jpg,MIDDLE
12440.jpg,OLD
7341.jpg,YOUNG
11643.jpg,YOUNG
24758.jpg,YOUNG
3789.jpg,MIDDLE
17699.jpg,MIDDLE
15082.jpg,YOUNG
2252.jpg,MIDDLE
23538.jpg,MIDDLE
8638.jpg,OLD
6847.jpg,YOUNG
16642.jpg,MIDDLE
22794.jpg,MIDDLE
11432.jpg,YOUNG
3309.jpg,YOUNG
13473.jpg,OLD
19101.jpg,YOUNG
15095.jpg,MIDDLE
143.jpg,MIDDLE
9010.jpg,YOUNG
21625.jpg,MIDDLE
16585.jpg,YOUNG
3442.jpg,OLD
20734.jpg,OLD
24004.jpg,YOUNG
5196.jpg,MIDDLE
8339.jpg,YOUNG
14475.jpg,YOUNG
16766.jpg,YOUNG
6237.jpg,MIDDLE
22698.jpg,MIDDLE
10711.jpg,YOUNG
21401.jpg,MIDDLE
26486.jpg,YOUNG
23983.jpg,YOUNG
18048.jpg,YOUNG
15140.jpg,YOUNG
12432.jpg,OLD
25004.jpg,MIDDLE
22645.jpg,MIDDLE
20784.jpg,YOUNG
12930.jpg,YOUNG
1414.jpg,MIDDLE
20330.jpg,YOUNG
17625.jpg,MIDDLE
1524.jpg,OLD
19095.jpg,MIDDLE
9387.jpg,YOUNG
19375.jpg,OLD
11751.jpg,MIDDLE
7133.jpg,YOUNG
16401.jpg,YOUNG
19899.jpg,YOUNG
18540.jpg,YOUNG
14651.jpg,OLD
23938.jpg,MIDDLE
8763.jpg,YOUNG
9605.jpg,YOUNG
4054.jpg,YOUNG
6849.jpg,MIDDLE
5231.jpg,YOUNG
19685.jpg,MIDDLE
14777.jpg,OLD
15422.jpg,OLD
13322.jpg,MIDDLE
7380.jpg,YOUNG
23275.jpg,YOUNG
13507.jpg,OLD
24841.jpg,MIDDLE
23281.jpg,MIDDLE
5541.jpg,YOUNG
6041.jpg,MIDDLE
10304.jpg,OLD
12468.jpg,MIDDLE
11116.jpg,YOUNG
5799.jpg,YOUNG
17620.jpg,MIDDLE
3153.jpg,MIDDLE
13107.jpg,MIDDLE
2501.jpg,YOUNG
20117.jpg,OLD
2117.jpg,MIDDLE
18407.jpg,MIDDLE
9791.jpg,YOUNG
21349.jpg,YOUNG
23232.jpg,OLD
7701.jpg,MIDDLE
23388.jpg,MIDDLE
25692.jpg,MIDDLE
7378.jpg,MIDDLE
2816.jpg,YOUNG
6937.jpg,OLD
4273.jpg,MIDDLE
20487.jpg,MIDDLE
6310.jpg,YOUNG
22278.jpg,MIDDLE
14678.jpg,MIDDLE
1574.jpg,OLD
19694.jpg,YOUNG
4498.jpg,OLD
5958.jpg,MIDDLE
18081.jpg,MIDDLE
6167.jpg,YOUNG
15417.jpg,YOUNG
15831.jpg,MIDDLE
16951.jpg,OLD
20990.jpg,MIDDLE
6384.jpg,MIDDLE
9884.jpg,MIDDLE
31.jpg,YOUNG
15601.jpg,YOUNG
10548.jpg,MIDDLE
14707.jpg,YOUNG
21533.jpg,MIDDLE
6558.jpg,MIDDLE
20104.jpg,YOUNG
5204.jpg,MIDDLE
18525.jpg,MIDDLE
15707.jpg,YOUNG
21662.jpg,YOUNG
12125.jpg,MIDDLE
4376.jpg,MIDDLE
14476.jpg,MIDDLE
19051.jpg,MIDDLE
9173.jpg,MIDDLE
2027.jpg,MIDDLE
17201.jpg,MIDDLE
994.jpg,MIDDLE
24786.jpg,MIDDLE
19489.jpg,MIDDLE
23930.jpg,YOUNG
12539.jpg,MIDDLE
9170.jpg,MIDDLE
1078.jpg,MIDDLE
23192.jpg,MIDDLE
12457.jpg,YOUNG
1828.jpg,YOUNG
4691.jpg,MIDDLE
26362.jpg,YOUNG
17608.jpg,OLD
2457.jpg,YOUNG
10912.jpg,MIDDLE
11170.jpg,YOUNG
5792.jpg,YOUNG
16336.jpg,MIDDLE
19599.jpg,YOUNG
6495.jpg,YOUNG
20231.jpg,MIDDLE
18547.jpg,MIDDLE
26500.jpg,YOUNG
23714.jpg,YOUNG
5070.jpg,MIDDLE
16975.jpg,MIDDLE
1128.jpg,YOUNG
19624.jpg,MIDDLE
20913.jpg,MIDDLE
11608.jpg,MIDDLE
18787.jpg,OLD
13064.jpg,MIDDLE
13795.jpg,OLD
23328.jpg,YOUNG
24203.jpg,YOUNG
20300.jpg,YOUNG
6970.jpg,YOUNG
8826.jpg,MIDDLE
24142.jpg,YOUNG
6415.jpg,MIDDLE
25033.jpg,MIDDLE
21183.jpg,OLD
5875.jpg,MIDDLE
8495.jpg,YOUNG
13723.jpg,OLD
17910.jpg,YOUNG
16790.jpg,MIDDLE
10314.jpg,YOUNG
24963.jpg,MIDDLE
18710.jpg,YOUNG
213.jpg,OLD
20945.jpg,YOUNG
11688.jpg,YOUNG
21857.jpg,YOUNG
9981.jpg,YOUNG
23456.jpg,OLD
23448.jpg,YOUNG
12167.jpg,YOUNG
13238.jpg,MIDDLE
18959.jpg,MIDDLE
25978.jpg,MIDDLE
2073.jpg,MIDDLE
3978.jpg,MIDDLE
22498.jpg,MIDDLE
17860.jpg,MIDDLE
8692.jpg,YOUNG
8595.jpg,YOUNG
3590.jpg,YOUNG
21040.jpg,YOUNG
16650.jpg,MIDDLE
8911.jpg,YOUNG
24721.jpg,YOUNG
6573.jpg,YOUNG
5068.jpg,YOUNG
25064.jpg,YOUNG
12899.jpg,MIDDLE
8787.jpg,MIDDLE
10486.jpg,MIDDLE
8049.jpg,OLD
2901.jpg,YOUNG
11762.jpg,YOUNG
25328.jpg,MIDDLE
393.jpg,YOUNG
22986.jpg,MIDDLE
14442.jpg,YOUNG
14246.jpg,MIDDLE
8099.jpg,MIDDLE
11241.jpg,OLD
15226.jpg,MIDDLE
3990.jpg,YOUNG
25832.jpg,MIDDLE
14911.jpg,YOUNG
12893.jpg,YOUNG
8543.jpg,MIDDLE
10397.jpg,YOUNG
11048.jpg,MIDDLE
7934.jpg,YOUNG
21843.jpg,YOUNG
23902.jpg,YOUNG
2351.jpg,MIDDLE
25000.jpg,MIDDLE
18430.jpg,MIDDLE
14169.jpg,YOUNG
16331.jpg,MIDDLE
14386.jpg,OLD
8708.jpg,YOUNG
20793.jpg,YOUNG
14740.jpg,MIDDLE
10677.jpg,MIDDLE
12727.jpg,MIDDLE
26010.jpg,MIDDLE
15132.jpg,MIDDLE
25480.jpg,MIDDLE
14193.jpg,YOUNG
20286.jpg,YOUNG
8122.jpg,YOUNG
1637.jpg,MIDDLE
9966.jpg,YOUNG
6511.jpg,YOUNG
11370.jpg,MIDDLE
4236.jpg,OLD
20360.jpg,MIDDLE
22834.jpg,YOUNG
25325.jpg,MIDDLE
13384.jpg,YOUNG
25588.jpg,MIDDLE
12355.jpg,MIDDLE
10647.jpg,YOUNG
14410.jpg,MIDDLE
9606.jpg,YOUNG
23267.jpg,YOUNG
15374.jpg,YOUNG
10049.jpg,YOUNG
6833.jpg,MIDDLE
1761.jpg,YOUNG
17413.jpg,MIDDLE
24704.jpg,YOUNG
15745.jpg,YOUNG
23663.jpg,YOUNG
2650.jpg,MIDDLE
22747.jpg,MIDDLE
26370.jpg,YOUNG
6328.jpg,MIDDLE
12540.jpg,MIDDLE
12859.jpg,MIDDLE
2000.jpg,YOUNG
26137.jpg,YOUNG
14988.jpg,YOUNG
12158.jpg,YOUNG
17020.jpg,MIDDLE
21515.jpg,YOUNG
5586.jpg,YOUNG
19870.jpg,OLD
17005.jpg,OLD
7648.jpg,MIDDLE
4430.jpg,MIDDLE
15577.jpg,MIDDLE
17571.jpg,YOUNG
17300.jpg,OLD
16261.jpg,MIDDLE
6158.jpg,MIDDLE
10562.jpg,YOUNG
14946.jpg,YOUNG
16273.jpg,YOUNG
6996.jpg,MIDDLE
25951.jpg,MIDDLE
14970.jpg,MIDDLE
364.jpg,MIDDLE
625.jpg,YOUNG
3670.jpg,MIDDLE
2583.jpg,MIDDLE
13207.jpg,YOUNG
9840.jpg,YOUNG
25014.jpg,YOUNG
3574.jpg,MIDDLE
4817.jpg,MIDDLE
9559.jpg,MIDDLE
11460.jpg,MIDDLE
5081.jpg,MIDDLE
20419.jpg,OLD
10075.jpg,YOUNG
6916.jpg,MIDDLE
11717.jpg,MIDDLE
20389.jpg,OLD
24586.jpg,MIDDLE
23002.jpg,YOUNG
12291.jpg,OLD
24874.jpg,MIDDLE
24752.jpg,OLD
705.jpg,YOUNG
21284.jpg,MIDDLE
8746.jpg,YOUNG
18706.jpg,YOUNG
4998.jpg,MIDDLE
15114.jpg,YOUNG
19986.jpg,MIDDLE
12109.jpg,MIDDLE
24958.jpg,OLD
2979.jpg,MIDDLE
10448.jpg,MIDDLE
474.jpg,YOUNG
7832.jpg,MIDDLE
17788.jpg,YOUNG
19428.jpg,MIDDLE
1203.jpg,MIDDLE
6358.jpg,YOUNG
9666.jpg,OLD
9047.jpg,MIDDLE
7064.jpg,MIDDLE
1781.jpg,MIDDLE
22315.jpg,YOUNG
8263.jpg,YOUNG
17253.jpg,MIDDLE
16159.jpg,YOUNG
22637.jpg,MIDDLE
19229.jpg,MIDDLE
15722.jpg,MIDDLE
22482.jpg,YOUNG
6476.jpg,YOUNG
11624.jpg,OLD
9341.jpg,MIDDLE
2523.jpg,YOUNG
17166.jpg,YOUNG
24965.jpg,YOUNG
21217.jpg,MIDDLE
23959.jpg,MIDDLE
26114.jpg,MIDDLE
20682.jpg,YOUNG
19822.jpg,MIDDLE
6068.jpg,YOUNG
13096.jpg,MIDDLE
14817.jpg,OLD
186.jpg,YOUNG
23772.jpg,OLD
22014.jpg,YOUNG
15677.jpg,MIDDLE
10256.jpg,MIDDLE
19202.jpg,MIDDLE
24531.jpg,MIDDLE
21164.jpg,MIDDLE
26169.jpg,MIDDLE
18612.jpg,MIDDLE
14541.jpg,YOUNG
19347.jpg,OLD
13963.jpg,MIDDLE
588.jpg,MIDDLE
5908.jpg,OLD
6612.jpg,MIDDLE
1892.jpg,MIDDLE
25446.jpg,MIDDLE
10651.jpg,YOUNG
12660.jpg,MIDDLE
19519.jpg,YOUNG
4743.jpg,MIDDLE
13040.jpg,YOUNG
11351.jpg,MIDDLE
22885.jpg,MIDDLE
6851.jpg,YOUNG
20595.jpg,YOUNG
8921.jpg,MIDDLE
18126.jpg,YOUNG
5472.jpg,YOUNG
18414.jpg,YOUNG
22296.jpg,YOUNG
16910.jpg,MIDDLE
20957.jpg,OLD
16655.jpg,YOUNG
5272.jpg,MIDDLE
25146.jpg,MIDDLE
8297.jpg,MIDDLE
12237.jpg,YOUNG
22202.jpg,YOUNG
6061.jpg,YOUNG
766.jpg,MIDDLE
22716.jpg,MIDDLE
25943.jpg,YOUNG
11029.jpg,MIDDLE
1447.jpg,OLD
25936.jpg,OLD
23120.jpg,MIDDLE
15202.jpg,YOUNG
12174.jpg,MIDDLE
18257.jpg,MIDDLE
11590.jpg,MIDDLE
5375.jpg,MIDDLE
24138.jpg,OLD
6794.jpg,YOUNG
17401.jpg,YOUNG
16743.jpg,YOUNG
24502.jpg,MIDDLE
19655.jpg,OLD
23886.jpg,MIDDLE
26498.jpg,YOUNG
24934.jpg,OLD
5133.jpg,YOUNG
22540.jpg,MIDDLE
7114.jpg,MIDDLE
299.jpg,MIDDLE
3176.jpg,YOUNG
14149.jpg,YOUNG
11739.jpg,YOUNG
5815.jpg,MIDDLE
9512.jpg,YOUNG
19333.jpg,OLD
6513.jpg,OLD
25184.jpg,YOUNG
14254.jpg,OLD
22657.jpg,MIDDLE
8735.jpg,MIDDLE
1226.jpg,YOUNG
10904.jpg,YOUNG
744.jpg,YOUNG
13292.jpg,MIDDLE
10010.jpg,OLD
26152.jpg,YOUNG
2313.jpg,YOUNG
18777.jpg,YOUNG
10292.jpg,YOUNG
19117.jpg,YOUNG
10528.jpg,MIDDLE
10460.jpg,MIDDLE
16780.jpg,OLD
19280.jpg,MIDDLE
17219.jpg,OLD
8063.jpg,YOUNG
24253.jpg,MIDDLE
8680.jpg,OLD
5128.jpg,MIDDLE
23811.jpg,YOUNG
2176.jpg,MIDDLE
14507.jpg,MIDDLE
22268.jpg,OLD
19866.jpg,MIDDLE
16638.jpg,YOUNG
1394.jpg,MIDDLE
22464.jpg,MIDDLE
4359.jpg,MIDDLE
17559.jpg,YOUNG
550.jpg,YOUNG
19415.jpg,MIDDLE
10223.jpg,OLD
7720.jpg,YOUNG
16924.jpg,MIDDLE
5836.jpg,MIDDLE
10349.jpg,YOUNG
16683.jpg,YOUNG
20859.jpg,MIDDLE
25911.jpg,MIDDLE
524.jpg,MIDDLE
12701.jpg,MIDDLE
21554.jpg,MIDDLE
1785.jpg,YOUNG
13074.jpg,MIDDLE
259.jpg,YOUNG
6144.jpg,YOUNG
1256.jpg,YOUNG
26061.jpg,YOUNG
4326.jpg,MIDDLE
20522.jpg,MIDDLE
5048.jpg,OLD
24562.jpg,OLD
24462.jpg,YOUNG
20075.jpg,MIDDLE
15719.jpg,YOUNG
9648.jpg,MIDDLE
7217.jpg,OLD
6742.jpg,OLD
11660.jpg,OLD
6402.jpg,YOUNG
563.jpg,MIDDLE
15973.jpg,MIDDLE
15580.jpg,YOUNG
4145.jpg,OLD
18068.jpg,MIDDLE
12173.jpg,MIDDLE
19468.jpg,YOUNG
24700.jpg,YOUNG
10688.jpg,MIDDLE
6782.jpg,YOUNG
15974.jpg,MIDDLE
15136.jpg,MIDDLE
26036.jpg,MIDDLE
321.jpg,MIDDLE
15458.jpg,YOUNG
24716.jpg,MIDDLE
24227.jpg,MIDDLE
3762.jpg,OLD
23651.jpg,MIDDLE
1196.jpg,MIDDLE
22793.jpg,MIDDLE
22654.jpg,MIDDLE
1993.jpg,MIDDLE
14234.jpg,MIDDLE
10565.jpg,YOUNG
22394.jpg,MIDDLE
2954.jpg,YOUNG
25131.jpg,MIDDLE
15824.jpg,YOUNG
22154.jpg,MIDDLE
2596.jpg,MIDDLE
5668.jpg,YOUNG
11816.jpg,MIDDLE
1369.jpg,MIDDLE
23014.jpg,MIDDLE
4223.jpg,YOUNG
9031.jpg,YOUNG
15345.jpg,YOUNG
10083.jpg,YOUNG
10519.jpg,MIDDLE
17643.jpg,YOUNG
25057.jpg,MIDDLE
18439.jpg,MIDDLE
570.jpg,MIDDLE
3851.jpg,YOUNG
11531.jpg,YOUNG
22270.jpg,OLD
21224.jpg,MIDDLE
2756.jpg,YOUNG
22404.jpg,MIDDLE
7088.jpg,MIDDLE
7245.jpg,MIDDLE
16738.jpg,OLD
24495.jpg,YOUNG
4585.jpg,MIDDLE
11269.jpg,MIDDLE
22493.jpg,MIDDLE
6391.jpg,YOUNG
8025.jpg,OLD
14134.jpg,YOUNG
2874.jpg,YOUNG
17572.jpg,YOUNG
24426.jpg,MIDDLE
718.jpg,YOUNG
4394.jpg,YOUNG
18442.jpg,MIDDLE
19080.jpg,MIDDLE
11746.jpg,MIDDLE
17971.jpg,YOUNG
22059.jpg,MIDDLE
7149.jpg,OLD
16094.jpg,YOUNG
6318.jpg,YOUNG
17879.jpg,YOUNG
6369.jpg,YOUNG
3603.jpg,YOUNG
18324.jpg,YOUNG
18270.jpg,YOUNG
15614.jpg,YOUNG
21338.jpg,MIDDLE
25682.jpg,OLD
8186.jpg,OLD
22072.jpg,OLD
20805.jpg,MIDDLE
4852.jpg,MIDDLE
24703.jpg,MIDDLE
17580.jpg,YOUNG
17914.jpg,YOUNG
4629.jpg,MIDDLE
3345.jpg,YOUNG
24592.jpg,YOUNG
19824.jpg,YOUNG
18995.jpg,MIDDLE
1138.jpg,MIDDLE
20483.jpg,YOUNG
26197.jpg,YOUNG
18489.jpg,MIDDLE
6737.jpg,YOUNG
18216.jpg,YOUNG
3587.jpg,YOUNG
5234.jpg,MIDDLE
1480.jpg,YOUNG
16150.jpg,YOUNG
17536.jpg,YOUNG
140.jpg,MIDDLE
7282.jpg,YOUNG
11140.jpg,YOUNG
11653.jpg,OLD
9317.jpg,MIDDLE
17978.jpg,MIDDLE
20914.jpg,YOUNG
8612.jpg,MIDDLE
24606.jpg,MIDDLE
11112.jpg,OLD
19148.jpg,MIDDLE
15307.jpg,YOUNG
19038.jpg,MIDDLE
6255.jpg,MIDDLE
4837.jpg,MIDDLE
11507.jpg,MIDDLE
16482.jpg,MIDDLE
5395.jpg,MIDDLE
16537.jpg,YOUNG
24007.jpg,YOUNG
14931.jpg,YOUNG
16220.jpg,YOUNG
6627.jpg,MIDDLE
11951.jpg,MIDDLE
9885.jpg,YOUNG
11872.jpg,YOUNG
20191.jpg,MIDDLE
16582.jpg,MIDDLE
7865.jpg,MIDDLE
4600.jpg,YOUNG
5355.jpg,YOUNG
25906.jpg,OLD
10074.jpg,MIDDLE
19595.jpg,OLD
21880.jpg,YOUNG
8616.jpg,MIDDLE
16979.jpg,YOUNG
25944.jpg,YOUNG
19481.jpg,YOUNG
23347.jpg,MIDDLE
10778.jpg,YOUNG
12903.jpg,MIDDLE
26213.jpg,MIDDLE
23045.jpg,YOUNG
13544.jpg,YOUNG
10856.jpg,MIDDLE
10024.jpg,YOUNG
15168.jpg,MIDDLE
11382.jpg,YOUNG
5122.jpg,YOUNG
8026.jpg,YOUNG
19555.jpg,MIDDLE
11222.jpg,YOUNG
8040.jpg,YOUNG
5697.jpg,YOUNG
22518.jpg,OLD
6940.jpg,OLD
14241.jpg,MIDDLE
25152.jpg,OLD
20512.jpg,MIDDLE
1470.jpg,YOUNG
17821.jpg,MIDDLE
11784.jpg,OLD
23957.jpg,MIDDLE
18744.jpg,MIDDLE
11179.jpg,OLD
11383.jpg,MIDDLE
3354.jpg,YOUNG
33.jpg,OLD
25821.jpg,OLD
11030.jpg,MIDDLE
8580.jpg,MIDDLE
10364.jpg,YOUNG
15030.jpg,YOUNG
6621.jpg,OLD
16953.jpg,YOUNG
22891.jpg,OLD
3547.jpg,MIDDLE
3635.jpg,MIDDLE
5080.jpg,MIDDLE
24712.jpg,MIDDLE
25183.jpg,MIDDLE
24860.jpg,MIDDLE
3217.jpg,MIDDLE
1356.jpg,YOUNG
12369.jpg,YOUNG
21012.jpg,YOUNG
13394.jpg,MIDDLE
12789.jpg,MIDDLE
9399.jpg,YOUNG
15424.jpg,OLD
7132.jpg,YOUNG
11622.jpg,YOUNG
1337.jpg,YOUNG
17317.jpg,MIDDLE
12975.jpg,YOUNG
8646.jpg,YOUNG
3083.jpg,MIDDLE
506.jpg,YOUNG
18085.jpg,MIDDLE
5633.jpg,MIDDLE
18209.jpg,MIDDLE
5052.jpg,YOUNG
14178.jpg,MIDDLE
6703.jpg,YOUNG
13385.jpg,YOUNG
3238.jpg,MIDDLE
9540.jpg,MIDDLE
9152.jpg,MIDDLE
6401.jpg,MIDDLE
21457.jpg,YOUNG
14110.jpg,YOUNG
135.jpg,MIDDLE
17278.jpg,MIDDLE
2519.jpg,YOUNG
1090.jpg,YOUNG
23673.jpg,MIDDLE
22607.jpg,YOUNG
19621.jpg,YOUNG
20405.jpg,YOUNG
5130.jpg,OLD
22742.jpg,MIDDLE
13240.jpg,OLD
1245.jpg,MIDDLE
19932.jpg,MIDDLE
18824.jpg,MIDDLE
4614.jpg,YOUNG
15857.jpg,OLD
19551.jpg,YOUNG
6468.jpg,YOUNG
21749.jpg,YOUNG
22358.jpg,OLD
15171.jpg,YOUNG
14649.jpg,YOUNG
20160.jpg,YOUNG
7651.jpg,OLD
16747.jpg,MIDDLE
3935.jpg,MIDDLE
7716.jpg,MIDDLE
8506.jpg,MIDDLE
24014.jpg,YOUNG
22245.jpg,YOUNG
12465.jpg,MIDDLE
26335.jpg,OLD
11621.jpg,YOUNG
9449.jpg,MIDDLE
25308.jpg,MIDDLE
25132.jpg,YOUNG
17829.jpg,YOUNG
21452.jpg,OLD
6450.jpg,YOUNG
20494.jpg,YOUNG
197.jpg,YOUNG
23560.jpg,MIDDLE
13315.jpg,YOUNG
11634.jpg,YOUNG
2946.jpg,YOUNG
16107.jpg,YOUNG
24794.jpg,OLD
1205.jpg,MIDDLE
9222.jpg,MIDDLE
24873.jpg,MIDDLE
25938.jpg,MIDDLE
21383.jpg,YOUNG
16392.jpg,OLD
19950.jpg,MIDDLE
9431.jpg,MIDDLE
22470.jpg,YOUNG
3651.jpg,MIDDLE
13279.jpg,YOUNG
19045.jpg,YOUNG
17416.jpg,YOUNG
16102.jpg,YOUNG
11466.jpg,MIDDLE
3434.jpg,YOUNG
15177.jpg,YOUNG
19424.jpg,MIDDLE
25317.jpg,OLD
15671.jpg,YOUNG
18981.jpg,YOUNG
21997.jpg,MIDDLE
21271.jpg,YOUNG
2524.jpg,YOUNG
16511.jpg,MIDDLE
4284.jpg,MIDDLE
8758.jpg,MIDDLE
22425.jpg,YOUNG
14872.jpg,OLD
17798.jpg,MIDDLE
9464.jpg,MIDDLE
16245.jpg,YOUNG
5091.jpg,MIDDLE
1894.jpg,YOUNG
9662.jpg,YOUNG
12659.jpg,YOUNG
1979.jpg,OLD
17466.jpg,OLD
16270.jpg,MIDDLE
6188.jpg,MIDDLE
2626.jpg,YOUNG
8266.jpg,MIDDLE
23918.jpg,MIDDLE
2702.jpg,YOUNG
20274.jpg,MIDDLE
19788.jpg,OLD
15369.jpg,OLD
7815.jpg,YOUNG
4252.jpg,YOUNG
13975.jpg,MIDDLE
9409.jpg,MIDDLE
18916.jpg,MIDDLE
24329.jpg,YOUNG
9461.jpg,YOUNG
669.jpg,YOUNG
23087.jpg,YOUNG
1465.jpg,MIDDLE
20843.jpg,MIDDLE
13003.jpg,YOUNG
13506.jpg,MIDDLE
23371.jpg,MIDDLE
25403.jpg,OLD
613.jpg,OLD
1150.jpg,MIDDLE
6301.jpg,MIDDLE
15877.jpg,MIDDLE
18347.jpg,YOUNG
6875.jpg,MIDDLE
5610.jpg,MIDDLE
4233.jpg,OLD
10298.jpg,YOUNG
1153.jpg,MIDDLE
20008.jpg,MIDDLE
22116.jpg,MIDDLE
11306.jpg,YOUNG
16002.jpg,YOUNG
20973.jpg,MIDDLE
21041.jpg,MIDDLE
8350.jpg,OLD
5216.jpg,YOUNG
13386.jpg,MIDDLE
830.jpg,MIDDLE
23776.jpg,YOUNG
13851.jpg,MIDDLE
12405.jpg,MIDDLE
16437.jpg,YOUNG
22558.jpg,MIDDLE
24388.jpg,YOUNG
16354.jpg,MIDDLE
9699.jpg,YOUNG
19188.jpg,YOUNG
8169.jpg,OLD
1546.jpg,MIDDLE
23113.jpg,MIDDLE
25095.jpg,MIDDLE
3680.jpg,YOUNG
21081.jpg,YOUNG
16239.jpg,YOUNG
25621.jpg,YOUNG
20832.jpg,MIDDLE
7269.jpg,YOUNG
11692.jpg,MIDDLE
21978.jpg,YOUNG
1916.jpg,MIDDLE
255.jpg,YOUNG
12559.jpg,MIDDLE
2869.jpg,MIDDLE
24154.jpg,MIDDLE
19285.jpg,MIDDLE
25896.jpg,MIDDLE
4077.jpg,YOUNG
17153.jpg,YOUNG
20354.jpg,MIDDLE
21726.jpg,YOUNG
18943.jpg,MIDDLE
13304.jpg,MIDDLE
5029.jpg,OLD
13959.jpg,MIDDLE
22610.jpg,YOUNG
3586.jpg,MIDDLE
4155.jpg,MIDDLE
24476.jpg,MIDDLE
4921.jpg,YOUNG
18919.jpg,MIDDLE
6146.jpg,YOUNG
9392.jpg,MIDDLE
1481.jpg,MIDDLE
11596.jpg,MIDDLE
19426.jpg,MIDDLE
25312.jpg,MIDDLE
19114.jpg,YOUNG
1381.jpg,MIDDLE
20896.jpg,MIDDLE
25970.jpg,MIDDLE
260.jpg,MIDDLE
24400.jpg,OLD
22665.jpg,YOUNG
25751.jpg,YOUNG
10681.jpg,MIDDLE
429.jpg,MIDDLE
23018.jpg,YOUNG
16106.jpg,YOUNG
18196.jpg,MIDDLE
25050.jpg,YOUNG
629.jpg,MIDDLE
22892.jpg,MIDDLE
18177.jpg,OLD
5341.jpg,MIDDLE
26384.jpg,MIDDLE
23294.jpg,YOUNG
16077.jpg,YOUNG
21326.jpg,MIDDLE
26487.jpg,YOUNG
1845.jpg,MIDDLE
2411.jpg,MIDDLE
12117.jpg,MIDDLE
21179.jpg,YOUNG
12220.jpg,YOUNG
6323.jpg,MIDDLE
17764.jpg,MIDDLE
9936.jpg,YOUNG
2955.jpg,OLD
4301.jpg,YOUNG
13283.jpg,MIDDLE
13042.jpg,OLD
15712.jpg,MIDDLE
13532.jpg,MIDDLE
21208.jpg,OLD
2054.jpg,OLD
12366.jpg,YOUNG
21790.jpg,YOUNG
26398.jpg,MIDDLE
5268.jpg,MIDDLE
22552.jpg,MIDDLE
8533.jpg,YOUNG
18195.jpg,YOUNG
11550.jpg,MIDDLE
25159.jpg,MIDDLE
4396.jpg,MIDDLE
24347.jpg,YOUNG
23932.jpg,OLD
13707.jpg,MIDDLE
16758.jpg,MIDDLE
20858.jpg,MIDDLE
18985.jpg,YOUNG
10850.jpg,MIDDLE
8417.jpg,MIDDLE
20383.jpg,MIDDLE
16123.jpg,YOUNG
17837.jpg,YOUNG
949.jpg,MIDDLE
26297.jpg,YOUNG
13539.jpg,MIDDLE
6616.jpg,OLD
9528.jpg,MIDDLE
23246.jpg,YOUNG
20634.jpg,YOUNG
25636.jpg,YOUNG
5107.jpg,MIDDLE
20248.jpg,YOUNG
17800.jpg,MIDDLE
5514.jpg,OLD
8981.jpg,YOUNG
3523.jpg,MIDDLE
21303.jpg,MIDDLE
18725.jpg,MIDDLE
25492.jpg,MIDDLE
15187.jpg,YOUNG
8956.jpg,MIDDLE
24282.jpg,MIDDLE
12926.jpg,YOUNG
19864.jpg,MIDDLE
11954.jpg,MIDDLE
12919.jpg,YOUNG
20775.jpg,MIDDLE
14906.jpg,MIDDLE
15510.jpg,MIDDLE
7550.jpg,OLD
11654.jpg,MIDDLE
18034.jpg,OLD
9685.jpg,OLD
6864.jpg,MIDDLE
24992.jpg,OLD
25611.jpg,MIDDLE
8408.jpg,YOUNG
19255.jpg,MIDDLE
2142.jpg,MIDDLE
9751.jpg,MIDDLE
3620.jpg,YOUNG
10679.jpg,YOUNG
1857.jpg,YOUNG
14191.jpg,YOUNG
19815.jpg,MIDDLE
13662.jpg,YOUNG
19182.jpg,YOUNG
7490.jpg,YOUNG
6510.jpg,OLD
20258.jpg,OLD
8769.jpg,YOUNG
16955.jpg,YOUNG
13211.jpg,MIDDLE
16556.jpg,MIDDLE
5075.jpg,MIDDLE
20386.jpg,OLD
24948.jpg,MIDDLE
7059.jpg,YOUNG
3744.jpg,YOUNG
3581.jpg,YOUNG
428.jpg,YOUNG
24749.jpg,YOUNG
2982.jpg,YOUNG
10162.jpg,YOUNG
17306.jpg,MIDDLE
3567.jpg,YOUNG
3604.jpg,YOUNG
11120.jpg,YOUNG
18236.jpg,MIDDLE
6128.jpg,OLD
14377.jpg,MIDDLE
2470.jpg,MIDDLE
4317.jpg,YOUNG
5011.jpg,MIDDLE
8023.jpg,YOUNG
10244.jpg,YOUNG
6801.jpg,MIDDLE
637.jpg,MIDDLE
13670.jpg,OLD
17086.jpg,YOUNG
5588.jpg,MIDDLE
10773.jpg,YOUNG
20079.jpg,YOUNG
10890.jpg,MIDDLE
14841.jpg,MIDDLE
25696.jpg,YOUNG
23987.jpg,YOUNG
6890.jpg,MIDDLE
16294.jpg,YOUNG
7543.jpg,OLD
20340.jpg,MIDDLE
15098.jpg,MIDDLE
23567.jpg,MIDDLE
14790.jpg,MIDDLE
18627.jpg,YOUNG
7011.jpg,YOUNG
3362.jpg,MIDDLE
6002.jpg,MIDDLE
304.jpg,YOUNG
13720.jpg,MIDDLE
14712.jpg,OLD
12017.jpg,MIDDLE
14758.jpg,YOUNG
21865.jpg,YOUNG
15135.jpg,YOUNG
10392.jpg,YOUNG
2845.jpg,YOUNG
24803.jpg,MIDDLE
6576.jpg,YOUNG
15534.jpg,MIDDLE
12310.jpg,YOUNG
9828.jpg,YOUNG
1991.jpg,MIDDLE
6243.jpg,MIDDLE
7102.jpg,MIDDLE
15354.jpg,MIDDLE
6780.jpg,YOUNG
576.jpg,YOUNG
26113.jpg,YOUNG
17370.jpg,YOUNG
12007.jpg,OLD
8461.jpg,MIDDLE
10005.jpg,YOUNG
14081.jpg,MIDDLE
11809.jpg,MIDDLE
19050.jpg,YOUNG
20808.jpg,MIDDLE
3685.jpg,MIDDLE
17838.jpg,MIDDLE
11844.jpg,OLD
7351.jpg,MIDDLE
6014.jpg,YOUNG
14380.jpg,YOUNG
22684.jpg,MIDDLE
17214.jpg,YOUNG
6441.jpg,MIDDLE
2284.jpg,MIDDLE
15803.jpg,YOUNG
12458.jpg,OLD
1305.jpg,YOUNG
23795.jpg,YOUNG
10924.jpg,YOUNG
12347.jpg,MIDDLE
16149.jpg,YOUNG
7737.jpg,MIDDLE
9628.jpg,YOUNG
23249.jpg,MIDDLE
3479.jpg,MIDDLE
2857.jpg,MIDDLE
10446.jpg,MIDDLE
16864.jpg,YOUNG
15675.jpg,MIDDLE
23007.jpg,YOUNG
9060.jpg,YOUNG
7477.jpg,MIDDLE
11061.jpg,YOUNG
11942.jpg,MIDDLE
25543.jpg,MIDDLE
19998.jpg,MIDDLE
17636.jpg,MIDDLE
6453.jpg,YOUNG
16139.jpg,MIDDLE
1502.jpg,YOUNG
2803.jpg,OLD
6228.jpg,MIDDLE
3544.jpg,MIDDLE
14544.jpg,YOUNG
24811.jpg,MIDDLE
21405.jpg,YOUNG
6584.jpg,MIDDLE
26110.jpg,MIDDLE
3725.jpg,OLD
3251.jpg,YOUNG
21652.jpg,YOUNG
13669.jpg,YOUNG
9020.jpg,YOUNG
24928.jpg,OLD
18553.jpg,YOUNG
3495.jpg,OLD
19774.jpg,MIDDLE
13471.jpg,MIDDLE
8827.jpg,MIDDLE
13608.jpg,MIDDLE
1519.jpg,MIDDLE
12733.jpg,YOUNG
2727.jpg,YOUNG
6165.jpg,MIDDLE
8696.jpg,OLD
14747.jpg,YOUNG
9039.jpg,YOUNG
1094.jpg,MIDDLE
8038.jpg,MIDDLE
13126.jpg,YOUNG
4377.jpg,YOUNG
12916.jpg,YOUNG
17585.jpg,MIDDLE
4439.jpg,OLD
23840.jpg,OLD
11103.jpg,MIDDLE
14114.jpg,YOUNG
759.jpg,YOUNG
21800.jpg,YOUNG
10148.jpg,MIDDLE
20285.jpg,MIDDLE
14586.jpg,MIDDLE
13525.jpg,YOUNG
24399.jpg,YOUNG
6189.jpg,MIDDLE
24824.jpg,MIDDLE
14126.jpg,YOUNG
22766.jpg,MIDDLE
4183.jpg,YOUNG
16480.jpg,YOUNG
10106.jpg,MIDDLE
4792.jpg,MIDDLE
12959.jpg,MIDDLE
8394.jpg,OLD
12715.jpg,YOUNG
15948.jpg,MIDDLE
15012.jpg,YOUNG
3841.jpg,YOUNG
25864.jpg,YOUNG
12250.jpg,YOUNG
9684.jpg,YOUNG
3423.jpg,OLD
1220.jpg,YOUNG
15442.jpg,MIDDLE
4854.jpg,MIDDLE
20572.jpg,MIDDLE
12623.jpg,OLD
3668.jpg,MIDDLE
16901.jpg,YOUNG
18127.jpg,MIDDLE
21606.jpg,YOUNG
19212.jpg,MIDDLE
8044.jpg,YOUNG
2536.jpg,YOUNG
23600.jpg,YOUNG
7818.jpg,YOUNG
17681.jpg,MIDDLE
10710.jpg,MIDDLE
13937.jpg,OLD
7325.jpg,MIDDLE
13132.jpg,YOUNG
10873.jpg,MIDDLE
6483.jpg,YOUNG
13425.jpg,OLD
15394.jpg,MIDDLE
17904.jpg,MIDDLE
8100.jpg,MIDDLE
10006.jpg,YOUNG
21526.jpg,YOUNG
3009.jpg,MIDDLE
9313.jpg,MIDDLE
1390.jpg,YOUNG
15341.jpg,YOUNG
17727.jpg,YOUNG
23544.jpg,MIDDLE
997.jpg,MIDDLE
22875.jpg,YOUNG
9402.jpg,YOUNG
12678.jpg,OLD
8830.jpg,MIDDLE
1664.jpg,MIDDLE
11109.jpg,MIDDLE
15806.jpg,YOUNG
1183.jpg,YOUNG
3691.jpg,MIDDLE
22878.jpg,YOUNG
12793.jpg,MIDDLE
6907.jpg,YOUNG
15478.jpg,MIDDLE
26201.jpg,YOUNG
25445.jpg,YOUNG
23043.jpg,MIDDLE
10128.jpg,YOUNG
22401.jpg,OLD
25992.jpg,YOUNG
4525.jpg,YOUNG
10798.jpg,MIDDLE
14120.jpg,OLD
1779.jpg,YOUNG
19972.jpg,MIDDLE
21538.jpg,YOUNG
8308.jpg,MIDDLE
26537.jpg,MIDDLE
9205.jpg,YOUNG
14639.jpg,YOUNG
14729.jpg,MIDDLE
18102.jpg,YOUNG
20478.jpg,MIDDLE
9619.jpg,OLD
6838.jpg,OLD
13138.jpg,MIDDLE
18693.jpg,OLD
24620.jpg,MIDDLE
10909.jpg,OLD
16129.jpg,MIDDLE
12470.jpg,MIDDLE
14584.jpg,MIDDLE
1029.jpg,MIDDLE
6599.jpg,MIDDLE
8234.jpg,YOUNG
21619.jpg,MIDDLE
20035.jpg,MIDDLE
19630.jpg,YOUNG
17132.jpg,MIDDLE
18397.jpg,YOUNG
26153.jpg,YOUNG
8937.jpg,MIDDLE
1132.jpg,YOUNG
1391.jpg,YOUNG
3002.jpg,MIDDLE
10694.jpg,MIDDLE
7992.jpg,YOUNG
16925.jpg,MIDDLE
14356.jpg,YOUNG
24593.jpg,YOUNG
23057.jpg,OLD
4074.jpg,YOUNG
19279.jpg,YOUNG
22548.jpg,MIDDLE
9575.jpg,YOUNG
2110.jpg,YOUNG
9469.jpg,YOUNG
20582.jpg,MIDDLE
26283.jpg,YOUNG
15812.jpg,MIDDLE
10369.jpg,MIDDLE
12207.jpg,YOUNG
7384.jpg,MIDDLE
565.jpg,YOUNG
20022.jpg,YOUNG
17733.jpg,MIDDLE
5631.jpg,YOUNG
8258.jpg,MIDDLE
10895.jpg,YOUNG
2560.jpg,OLD
17342.jpg,YOUNG
9348.jpg,MIDDLE
11178.jpg,YOUNG
8103.jpg,YOUNG
959.jpg,YOUNG
1430.jpg,YOUNG
1605.jpg,MIDDLE
1251.jpg,MIDDLE
12883.jpg,MIDDLE
2292.jpg,MIDDLE
26278.jpg,MIDDLE
12036.jpg,MIDDLE
25005.jpg,MIDDLE
1184.jpg,OLD
1712.jpg,MIDDLE
5912.jpg,MIDDLE
24466.jpg,YOUNG
14652.jpg,YOUNG
17474.jpg,OLD
18638.jpg,MIDDLE
18945.jpg,YOUNG
8928.jpg,YOUNG
14945.jpg,MIDDLE
8983.jpg,YOUNG
16274.jpg,MIDDLE
20929.jpg,MIDDLE
17124.jpg,MIDDLE
20822.jpg,MIDDLE
253.jpg,YOUNG
6171.jpg,MIDDLE
4696.jpg,OLD
13139.jpg,MIDDLE
14066.jpg,MIDDLE
25320.jpg,MIDDLE
4926.jpg,YOUNG
18076.jpg,YOUNG
24322.jpg,YOUNG
6331.jpg,MIDDLE
19492.jpg,YOUNG
110.jpg,YOUNG
7970.jpg,YOUNG
3832.jpg,YOUNG
6477.jpg,OLD
5597.jpg,MIDDLE
20711.jpg,YOUNG
17463.jpg,MIDDLE
10958.jpg,MIDDLE
17969.jpg,MIDDLE
10716.jpg,YOUNG
14503.jpg,MIDDLE
18219.jpg,MIDDLE
14464.jpg,OLD
7680.jpg,YOUNG
2486.jpg,YOUNG
12936.jpg,MIDDLE
17236.jpg,YOUNG
2241.jpg,MIDDLE
23181.jpg,MIDDLE
6669.jpg,OLD
2103.jpg,MIDDLE
18163.jpg,MIDDLE
7763.jpg,MIDDLE
366.jpg,YOUNG
18267.jpg,YOUNG
23368.jpg,YOUNG
24128.jpg,YOUNG
25301.jpg,YOUNG
9423.jpg,YOUNG
11539.jpg,MIDDLE
8338.jpg,OLD
670.jpg,MIDDLE
6161.jpg,YOUNG
1833.jpg,YOUNG
2464.jpg,MIDDLE
10746.jpg,YOUNG
4920.jpg,YOUNG
24032.jpg,YOUNG
14444.jpg,YOUNG
17698.jpg,MIDDLE
26540.jpg,YOUNG
24313.jpg,YOUNG
17927.jpg,MIDDLE
3773.jpg,YOUNG
19228.jpg,OLD
21955.jpg,MIDDLE
1321.jpg,YOUNG
13858.jpg,YOUNG
18241.jpg,YOUNG
8518.jpg,MIDDLE
11144.jpg,YOUNG
22235.jpg,YOUNG
25884.jpg,YOUNG
15654.jpg,MIDDLE
15564.jpg,OLD
18955.jpg,MIDDLE
11491.jpg,MIDDLE
12202.jpg,YOUNG
6236.jpg,MIDDLE
6407.jpg,YOUNG
9870.jpg,YOUNG
19817.jpg,MIDDLE
17179.jpg,YOUNG
12606.jpg,YOUNG
6959.jpg,OLD
22362.jpg,YOUNG
26440.jpg,YOUNG
8000.jpg,YOUNG
22042.jpg,OLD
22216.jpg,MIDDLE
11414.jpg,MIDDLE
3447.jpg,MIDDLE
6920.jpg,OLD
24218.jpg,MIDDLE
9756.jpg,MIDDLE
12189.jpg,MIDDLE
15603.jpg,YOUNG
22643.jpg,YOUNG
13782.jpg,OLD
7225.jpg,MIDDLE
14813.jpg,YOUNG
23748.jpg,OLD
14667.jpg,MIDDLE
4626.jpg,YOUNG
10462.jpg,MIDDLE
14934.jpg,YOUNG
21898.jpg,YOUNG
9116.jpg,MIDDLE
15684.jpg,YOUNG
19926.jpg,OLD
22375.jpg,OLD
21432.jpg,MIDDLE
21280.jpg,YOUNG
25502.jpg,YOUNG
10367.jpg,YOUNG
22444.jpg,MIDDLE
18909.jpg,MIDDLE
13048.jpg,YOUNG
16966.jpg,YOUNG
8275.jpg,YOUNG
1616.jpg,YOUNG
17504.jpg,YOUNG
24991.jpg,MIDDLE
19206.jpg,MIDDLE
8551.jpg,MIDDLE
1992.jpg,MIDDLE
7219.jpg,YOUNG
8255.jpg,YOUNG
1550.jpg,OLD
4243.jpg,MIDDLE
698.jpg,MIDDLE
15576.jpg,MIDDLE
7902.jpg,MIDDLE
14174.jpg,MIDDLE
22399.jpg,MIDDLE
24797.jpg,YOUNG
18691.jpg,OLD
12439.jpg,MIDDLE
9440.jpg,YOUNG
14106.jpg,MIDDLE
4508.jpg,MIDDLE
24355.jpg,MIDDLE
17479.jpg,MIDDLE
21193.jpg,MIDDLE
4765.jpg,YOUNG
11008.jpg,YOUNG
22163.jpg,MIDDLE
22264.jpg,YOUNG
17569.jpg,YOUNG
14744.jpg,MIDDLE
24460.jpg,YOUNG
1227.jpg,MIDDLE
22888.jpg,OLD
6436.jpg,MIDDLE
22756.jpg,MIDDLE
22026.jpg,YOUNG
8626.jpg,YOUNG
17460.jpg,MIDDLE
1626.jpg,YOUNG
6927.jpg,YOUNG
21553.jpg,MIDDLE
13513.jpg,YOUNG
6985.jpg,MIDDLE
22461.jpg,MIDDLE
15994.jpg,MIDDLE
2322.jpg,MIDDLE
8473.jpg,YOUNG
12874.jpg,MIDDLE
4006.jpg,OLD
7557.jpg,MIDDLE
4075.jpg,MIDDLE
15672.jpg,MIDDLE
25967.jpg,MIDDLE
6160.jpg,MIDDLE
9246.jpg,YOUNG
11720.jpg,MIDDLE
14207.jpg,MIDDLE
11282.jpg,OLD
26084.jpg,MIDDLE
23162.jpg,YOUNG
26167.jpg,YOUNG
332.jpg,YOUNG
21739.jpg,YOUNG
9769.jpg,YOUNG
25964.jpg,YOUNG
12945.jpg,YOUNG
4485.jpg,YOUNG
25872.jpg,YOUNG
20848.jpg,MIDDLE
19484.jpg,MIDDLE
12634.jpg,YOUNG
12003.jpg,OLD
15241.jpg,YOUNG
13905.jpg,YOUNG
2639.jpg,MIDDLE
1538.jpg,MIDDLE
5112.jpg,YOUNG
4431.jpg,YOUNG
5005.jpg,OLD
23272.jpg,YOUNG
10857.jpg,MIDDLE
3803.jpg,MIDDLE
4365.jpg,OLD
3010.jpg,YOUNG
25009.jpg,YOUNG
9634.jpg,MIDDLE
16902.jpg,YOUNG
19930.jpg,MIDDLE
20018.jpg,YOUNG
16917.jpg,YOUNG
14165.jpg,YOUNG
13340.jpg,YOUNG
7705.jpg,MIDDLE
23745.jpg,OLD
293.jpg,MIDDLE
8071.jpg,YOUNG
14921.jpg,YOUNG
6815.jpg,MIDDLE
25391.jpg,YOUNG
234.jpg,YOUNG
9204.jpg,OLD
12297.jpg,YOUNG
25646.jpg,YOUNG
18273.jpg,MIDDLE
9456.jpg,MIDDLE
11704.jpg,MIDDLE
3318.jpg,MIDDLE
10234.jpg,MIDDLE
10090.jpg,OLD
17929.jpg,YOUNG
11894.jpg,MIDDLE
21610.jpg,MIDDLE
3376.jpg,YOUNG
22592.jpg,MIDDLE
21617.jpg,YOUNG
8906.jpg,YOUNG
12350.jpg,MIDDLE
5400.jpg,YOUNG
15965.jpg,YOUNG
7451.jpg,MIDDLE
4741.jpg,MIDDLE
7363.jpg,YOUNG
2769.jpg,MIDDLE
10297.jpg,OLD
13025.jpg,YOUNG
2399.jpg,MIDDLE
4989.jpg,MIDDLE
2669.jpg,OLD
23512.jpg,MIDDLE
6921.jpg,MIDDLE
23923.jpg,YOUNG
14733.jpg,YOUNG
19536.jpg,YOUNG
25587.jpg,OLD
9823.jpg,YOUNG
1436.jpg,MIDDLE
14844.jpg,YOUNG
15694.jpg,MIDDLE
21707.jpg,MIDDLE
2047.jpg,MIDDLE
3045.jpg,MIDDLE
1125.jpg,YOUNG
7528.jpg,MIDDLE
8118.jpg,YOUNG
17865.jpg,OLD
4940.jpg,OLD
4406.jpg,MIDDLE
6632.jpg,YOUNG
20863.jpg,YOUNG
20756.jpg,MIDDLE
9370.jpg,MIDDLE
19245.jpg,YOUNG
12726.jpg,OLD
16418.jpg,MIDDLE
23024.jpg,OLD
22496.jpg,YOUNG
11013.jpg,MIDDLE
21735.jpg,MIDDLE
2575.jpg,YOUNG
18146.jpg,MIDDLE
25243.jpg,MIDDLE
10129.jpg,MIDDLE
16819.jpg,YOUNG
1826.jpg,YOUNG
20801.jpg,MIDDLE
3971.jpg,YOUNG
15605.jpg,YOUNG
17477.jpg,YOUNG
24897.jpg,MIDDLE
26050.jpg,MIDDLE
11085.jpg,YOUNG
3478.jpg,OLD
13565.jpg,MIDDLE
5134.jpg,OLD
25886.jpg,YOUNG
19669.jpg,MIDDLE
8910.jpg,MIDDLE
1926.jpg,YOUNG
2493.jpg,MIDDLE
25241.jpg,YOUNG
9360.jpg,YOUNG
6324.jpg,YOUNG
15301.jpg,YOUNG
10638.jpg,YOUNG
2610.jpg,YOUNG
12843.jpg,MIDDLE
3550.jpg,MIDDLE
13432.jpg,YOUNG
22403.jpg,MIDDLE
3115.jpg,YOUNG
8501.jpg,MIDDLE
22053.jpg,YOUNG
15188.jpg,YOUNG
4880.jpg,YOUNG
10163.jpg,YOUNG
1667.jpg,MIDDLE
13108.jpg,OLD
3838.jpg,MIDDLE
18189.jpg,YOUNG
9706.jpg,MIDDLE
720.jpg,YOUNG
3561.jpg,MIDDLE
5726.jpg,MIDDLE
24270.jpg,MIDDLE
8471.jpg,YOUNG
3265.jpg,MIDDLE
21125.jpg,YOUNG
15585.jpg,YOUNG
10227.jpg,YOUNG
23179.jpg,MIDDLE
10066.jpg,MIDDLE
18726.jpg,OLD
165.jpg,YOUNG
15882.jpg,MIDDLE
3889.jpg,YOUNG
12772.jpg,OLD
20396.jpg,MIDDLE
25286.jpg,MIDDLE
24422.jpg,MIDDLE
23814.jpg,MIDDLE
1698.jpg,MIDDLE
8179.jpg,YOUNG
4955.jpg,MIDDLE
20201.jpg,MIDDLE
23310.jpg,MIDDLE
11551.jpg,MIDDLE
12561.jpg,OLD
12952.jpg,MIDDLE
14512.jpg,MIDDLE
19403.jpg,MIDDLE
8178.jpg,OLD
2191.jpg,MIDDLE
18872.jpg,MIDDLE
21116.jpg,YOUNG
18644.jpg,MIDDLE
19829.jpg,YOUNG
11325.jpg,MIDDLE
21496.jpg,MIDDLE
14104.jpg,MIDDLE
24366.jpg,YOUNG
14085.jpg,YOUNG
25314.jpg,YOUNG
24131.jpg,YOUNG
16937.jpg,YOUNG
23667.jpg,YOUNG
5153.jpg,YOUNG
14217.jpg,OLD
18433.jpg,MIDDLE
18460.jpg,MIDDLE
17893.jpg,MIDDLE
23973.jpg,MIDDLE
4343.jpg,OLD
2329.jpg,YOUNG
23406.jpg,MIDDLE
10986.jpg,YOUNG
1517.jpg,YOUNG
13924.jpg,OLD
25030.jpg,MIDDLE
480.jpg,YOUNG
5739.jpg,MIDDLE
23091.jpg,YOUNG
8030.jpg,YOUNG
26264.jpg,YOUNG
24307.jpg,YOUNG
20692.jpg,MIDDLE
7109.jpg,MIDDLE
817.jpg,MIDDLE
23393.jpg,MIDDLE
8747.jpg,MIDDLE
24977.jpg,YOUNG
11058.jpg,MIDDLE
4932.jpg,YOUNG
24381.jpg,MIDDLE
9965.jpg,OLD
25247.jpg,MIDDLE
3778.jpg,MIDDLE
8778.jpg,YOUNG
5603.jpg,MIDDLE
23098.jpg,MIDDLE
2019.jpg,MIDDLE
632.jpg,MIDDLE
13327.jpg,YOUNG
7197.jpg,YOUNG
24164.jpg,MIDDLE
22777.jpg,YOUNG
6091.jpg,MIDDLE
21663.jpg,OLD
22979.jpg,OLD
8667.jpg,MIDDLE
15850.jpg,MIDDLE
12565.jpg,MIDDLE
10883.jpg,MIDDLE
10350.jpg,YOUNG
4964.jpg,YOUNG
24486.jpg,MIDDLE
21291.jpg,MIDDLE
5418.jpg,OLD
5667.jpg,MIDDLE
6999.jpg,OLD
20089.jpg,MIDDLE
1704.jpg,YOUNG
24672.jpg,OLD
15768.jpg,MIDDLE
4760.jpg,MIDDLE
6934.jpg,OLD
17833.jpg,MIDDLE
21168.jpg,OLD
8285.jpg,YOUNG
4071.jpg,YOUNG
8303.jpg,MIDDLE
9813.jpg,OLD
19304.jpg,OLD
2799.jpg,YOUNG
3843.jpg,YOUNG
7516.jpg,YOUNG
6680.jpg,MIDDLE
8876.jpg,MIDDLE
9298.jpg,YOUNG
18122.jpg,MIDDLE
26023.jpg,YOUNG
4457.jpg,YOUNG
25207.jpg,YOUNG
25281.jpg,MIDDLE
17264.jpg,YOUNG
4905.jpg,MIDDLE
22387.jpg,MIDDLE
21051.jpg,MIDDLE
13503.jpg,YOUNG
8944.jpg,MIDDLE
10032.jpg,MIDDLE
15410.jpg,OLD
16298.jpg,OLD
10136.jpg,OLD
12535.jpg,YOUNG
6452.jpg,MIDDLE
3962.jpg,YOUNG
17046.jpg,YOUNG
25440.jpg,YOUNG
25238.jpg,MIDDLE
8890.jpg,MIDDLE
9077.jpg,YOUNG
10382.jpg,YOUNG
21194.jpg,MIDDLE
4543.jpg,MIDDLE
3359.jpg,MIDDLE
12999.jpg,MIDDLE
21933.jpg,YOUNG
22917.jpg,OLD
16441.jpg,MIDDLE
11874.jpg,MIDDLE
19471.jpg,MIDDLE
631.jpg,MIDDLE
20159.jpg,YOUNG
17776.jpg,MIDDLE
23426.jpg,YOUNG
401.jpg,YOUNG
15923.jpg,MIDDLE
911.jpg,MIDDLE
18545.jpg,YOUNG
12215.jpg,MIDDLE
22648.jpg,MIDDLE
20706.jpg,MIDDLE
26032.jpg,MIDDLE
11215.jpg,MIDDLE
11618.jpg,YOUNG
15732.jpg,MIDDLE
13894.jpg,YOUNG
19793.jpg,MIDDLE
13069.jpg,MIDDLE
21413.jpg,MIDDLE
13734.jpg,MIDDLE
26104.jpg,YOUNG
4040.jpg,YOUNG
4547.jpg,YOUNG
25248.jpg,MIDDLE
17458.jpg,YOUNG
22476.jpg,YOUNG
82.jpg,YOUNG
16828.jpg,MIDDLE
11196.jpg,MIDDLE
3875.jpg,YOUNG
5913.jpg,YOUNG
8846.jpg,YOUNG
5388.jpg,YOUNG
20978.jpg,MIDDLE
13479.jpg,MIDDLE
13518.jpg,MIDDLE
24793.jpg,MIDDLE
25377.jpg,YOUNG
25089.jpg,YOUNG
6101.jpg,YOUNG
1309.jpg,YOUNG
14190.jpg,YOUNG
20353.jpg,MIDDLE
16215.jpg,OLD
10020.jpg,MIDDLE
8909.jpg,MIDDLE
9979.jpg,MIDDLE
10029.jpg,YOUNG
17013.jpg,MIDDLE
1569.jpg,MIDDLE
16484.jpg,MIDDLE
22758.jpg,MIDDLE
18487.jpg,MIDDLE
20474.jpg,MIDDLE
8971.jpg,MIDDLE
7264.jpg,OLD
18074.jpg,MIDDLE
16243.jpg,YOUNG
25144.jpg,MIDDLE
21671.jpg,MIDDLE
8490.jpg,YOUNG
24603.jpg,MIDDLE
5532.jpg,YOUNG
25966.jpg,YOUNG
16085.jpg,MIDDLE
23437.jpg,YOUNG
658.jpg,YOUNG
1023.jpg,MIDDLE
18227.jpg,MIDDLE
170.jpg,MIDDLE
8348.jpg,YOUNG
14439.jpg,MIDDLE
10927.jpg,YOUNG
10401.jpg,MIDDLE
924.jpg,YOUNG
8051.jpg,MIDDLE
9602.jpg,YOUNG
15887.jpg,YOUNG
753.jpg,YOUNG
5484.jpg,YOUNG
25032.jpg,YOUNG
12633.jpg,YOUNG
897.jpg,YOUNG
9103.jpg,YOUNG
10218.jpg,YOUNG
19272.jpg,MIDDLE
19040.jpg,MIDDLE
11143.jpg,MIDDLE
18926.jpg,MIDDLE
10614.jpg,YOUNG
10977.jpg,MIDDLE
25103.jpg,YOUNG
11317.jpg,MIDDLE
3287.jpg,YOUNG
4436.jpg,YOUNG
11628.jpg,YOUNG
6881.jpg,YOUNG
24820.jpg,MIDDLE
8744.jpg,OLD
24281.jpg,OLD
12705.jpg,MIDDLE
3531.jpg,YOUNG
2381.jpg,YOUNG
295.jpg,YOUNG
5581.jpg,YOUNG
551.jpg,YOUNG
19610.jpg,MIDDLE
14677.jpg,YOUNG
15513.jpg,YOUNG
10893.jpg,YOUNG
6738.jpg,OLD
26046.jpg,MIDDLE
23450.jpg,OLD
9649.jpg,MIDDLE
9778.jpg,MIDDLE
8808.jpg,MIDDLE
20498.jpg,YOUNG
14.jpg,MIDDLE
23852.jpg,MIDDLE
3983.jpg,MIDDLE
26428.jpg,MIDDLE
17639.jpg,YOUNG
21645.jpg,YOUNG
19604.jpg,MIDDLE
23625.jpg,YOUNG
24052.jpg,MIDDLE
3917.jpg,YOUNG
5095.jpg,YOUNG
16464.jpg,MIDDLE
19820.jpg,YOUNG
4995.jpg,YOUNG
13788.jpg,YOUNG
5481.jpg,MIDDLE
10356.jpg,YOUNG
3869.jpg,YOUNG
6981.jpg,YOUNG
6677.jpg,MIDDLE
5945.jpg,MIDDLE
19764.jpg,YOUNG
24401.jpg,MIDDLE
24600.jpg,YOUNG
10611.jpg,MIDDLE
14266.jpg,YOUNG
16958.jpg,YOUNG
3036.jpg,YOUNG
24842.jpg,YOUNG
12981.jpg,MIDDLE
25866.jpg,YOUNG
7444.jpg,YOUNG
25925.jpg,YOUNG
7780.jpg,YOUNG
19431.jpg,OLD
25143.jpg,MIDDLE
2750.jpg,MIDDLE
17718.jpg,MIDDLE
18880.jpg,MIDDLE
11733.jpg,OLD
21678.jpg,MIDDLE
21601.jpg,YOUNG
2494.jpg,MIDDLE
22112.jpg,YOUNG
2990.jpg,MIDDLE
626.jpg,MIDDLE
1589.jpg,YOUNG
13168.jpg,YOUNG
18031.jpg,MIDDLE
14239.jpg,YOUNG
11591.jpg,MIDDLE
25128.jpg,MIDDLE
21649.jpg,MIDDLE
9294.jpg,YOUNG
2908.jpg,MIDDLE
10332.jpg,YOUNG
3689.jpg,OLD
18265.jpg,MIDDLE
25708.jpg,MIDDLE
19874.jpg,MIDDLE
24519.jpg,YOUNG
20234.jpg,OLD
22460.jpg,YOUNG
7538.jpg,MIDDLE
9441.jpg,MIDDLE
14504.jpg,YOUNG
24647.jpg,OLD
23251.jpg,MIDDLE
21500.jpg,MIDDLE
9847.jpg,YOUNG
13008.jpg,YOUNG
11517.jpg,MIDDLE
14583.jpg,YOUNG
17803.jpg,MIDDLE
20193.jpg,MIDDLE
3684.jpg,MIDDLE
16837.jpg,MIDDLE
21998.jpg,YOUNG
15108.jpg,MIDDLE
5357.jpg,OLD
26045.jpg,MIDDLE
5962.jpg,MIDDLE
13621.jpg,YOUNG
7296.jpg,MIDDLE
24561.jpg,MIDDLE
5445.jpg,MIDDLE
5092.jpg,YOUNG
22320.jpg,OLD
23494.jpg,MIDDLE
20414.jpg,MIDDLE
23737.jpg,YOUNG
10542.jpg,MIDDLE
11304.jpg,YOUNG
20529.jpg,MIDDLE
18083.jpg,MIDDLE
8550.jpg,MIDDLE
1295.jpg,YOUNG
10002.jpg,MIDDLE
10624.jpg,YOUNG
1504.jpg,OLD
13926.jpg,MIDDLE
9762.jpg,YOUNG
8979.jpg,YOUNG
8392.jpg,YOUNG
4939.jpg,YOUNG
19477.jpg,MIDDLE
5503.jpg,MIDDLE
5099.jpg,MIDDLE
1197.jpg,YOUNG
19905.jpg,YOUNG
14502.jpg,OLD
4813.jpg,YOUNG
19538.jpg,MIDDLE
13809.jpg,MIDDLE
20854.jpg,MIDDLE
15449.jpg,MIDDLE
25182.jpg,OLD
19970.jpg,YOUNG
13595.jpg,MIDDLE
16832.jpg,MIDDLE
968.jpg,YOUNG
2353.jpg,YOUNG
14196.jpg,MIDDLE
12249.jpg,MIDDLE
622.jpg,YOUNG
6962.jpg,YOUNG
2378.jpg,YOUNG
7668.jpg,YOUNG
26477.jpg,MIDDLE
22707.jpg,MIDDLE
4551.jpg,OLD
9063.jpg,YOUNG
24438.jpg,YOUNG
12511.jpg,MIDDLE
2685.jpg,YOUNG
21572.jpg,YOUNG
14347.jpg,MIDDLE
16244.jpg,YOUNG
25051.jpg,YOUNG
315.jpg,MIDDLE
7757.jpg,YOUNG
20950.jpg,YOUNG
15036.jpg,YOUNG
15738.jpg,MIDDLE
466.jpg,MIDDLE
25945.jpg,YOUNG
21204.jpg,OLD
297.jpg,YOUNG
17979.jpg,YOUNG
10353.jpg,YOUNG
19911.jpg,YOUNG
24305.jpg,MIDDLE
1179.jpg,MIDDLE
11167.jpg,YOUNG
25690.jpg,MIDDLE
3163.jpg,YOUNG
22911.jpg,OLD
5894.jpg,YOUNG
25199.jpg,MIDDLE
12044.jpg,MIDDLE
18437.jpg,MIDDLE
18826.jpg,MIDDLE
9213.jpg,YOUNG
2369.jpg,MIDDLE
17809.jpg,YOUNG
11980.jpg,MIDDLE
12266.jpg,MIDDLE
23148.jpg,MIDDLE
14636.jpg,MIDDLE
15916.jpg,MIDDLE
1274.jpg,YOUNG
20625.jpg,YOUNG
21343.jpg,YOUNG
16806.jpg,YOUNG
18035.jpg,MIDDLE
25487.jpg,MIDDLE
14496.jpg,YOUNG
25386.jpg,YOUNG
23844.jpg,MIDDLE
3652.jpg,YOUNG
13085.jpg,MIDDLE
3699.jpg,YOUNG
15976.jpg,YOUNG
3382.jpg,YOUNG
7770.jpg,YOUNG
17377.jpg,OLD
19030.jpg,MIDDLE
9115.jpg,MIDDLE
7803.jpg,MIDDLE
1199.jpg,MIDDLE
26499.jpg,MIDDLE
12679.jpg,MIDDLE
19722.jpg,YOUNG
26321.jpg,YOUNG
21776.jpg,MIDDLE
21503.jpg,YOUNG
26434.jpg,MIDDLE
18240.jpg,MIDDLE
21498.jpg,YOUNG
15250.jpg,YOUNG
19704.jpg,OLD
20037.jpg,MIDDLE
21375.jpg,YOUNG
20924.jpg,YOUNG
9466.jpg,OLD
6840.jpg,YOUNG
20633.jpg,OLD
9232.jpg,MIDDLE
16338.jpg,MIDDLE
10354.jpg,YOUNG
14823.jpg,MIDDLE
16838.jpg,OLD
2360.jpg,YOUNG
3469.jpg,MIDDLE
8204.jpg,MIDDLE
7834.jpg,MIDDLE
22120.jpg,YOUNG
13645.jpg,MIDDLE
17666.jpg,YOUNG
26154.jpg,MIDDLE
10774.jpg,YOUNG
14941.jpg,MIDDLE
25822.jpg,MIDDLE
10601.jpg,MIDDLE
4952.jpg,MIDDLE
13682.jpg,MIDDLE
24983.jpg,MIDDLE
23611.jpg,YOUNG
6839.jpg,MIDDLE
11989.jpg,OLD
3166.jpg,YOUNG
929.jpg,MIDDLE
7414.jpg,YOUNG
17876.jpg,YOUNG
1561.jpg,MIDDLE
9703.jpg,MIDDLE
14515.jpg,MIDDLE
5482.jpg,MIDDLE
19855.jpg,MIDDLE
23357.jpg,YOUNG
7115.jpg,YOUNG
2254.jpg,OLD
23540.jpg,OLD
15065.jpg,MIDDLE
9297.jpg,OLD
24341.jpg,YOUNG
25225.jpg,MIDDLE
22022.jpg,YOUNG
7288.jpg,OLD
4863.jpg,MIDDLE
20897.jpg,MIDDLE
21506.jpg,MIDDLE
1380.jpg,MIDDLE
12915.jpg,YOUNG
1044.jpg,YOUNG
13095.jpg,YOUNG
15773.jpg,YOUNG
25379.jpg,YOUNG
1316.jpg,YOUNG
14101.jpg,YOUNG
2603.jpg,YOUNG
24734.jpg,MIDDLE
4649.jpg,YOUNG
13589.jpg,YOUNG
14863.jpg,YOUNG
1236.jpg,YOUNG
19395.jpg,MIDDLE
13112.jpg,MIDDLE
9779.jpg,YOUNG
21175.jpg,OLD
17782.jpg,YOUNG
25532.jpg,OLD
8378.jpg,YOUNG
21127.jpg,MIDDLE
10772.jpg,MIDDLE
3714.jpg,YOUNG
13901.jpg,YOUNG
5524.jpg,MIDDLE
14308.jpg,MIDDLE
19097.jpg,YOUNG
2431.jpg,MIDDLE
8300.jpg,MIDDLE
4666.jpg,MIDDLE
5865.jpg,YOUNG
17359.jpg,YOUNG
20707.jpg,YOUNG
6686.jpg,MIDDLE
8142.jpg,YOUNG
20710.jpg,MIDDLE
774.jpg,YOUNG
14891.jpg,MIDDLE
5571.jpg,MIDDLE
21832.jpg,YOUNG
9383.jpg,MIDDLE
24755.jpg,MIDDLE
13189.jpg,YOUNG
2580.jpg,OLD
19534.jpg,MIDDLE
20581.jpg,YOUNG
13242.jpg,MIDDLE
18353.jpg,MIDDLE
5193.jpg,MIDDLE
24310.jpg,OLD
16325.jpg,MIDDLE
21146.jpg,MIDDLE
19995.jpg,MIDDLE
4824.jpg,YOUNG
13477.jpg,MIDDLE
5832.jpg,YOUNG
4882.jpg,YOUNG
20672.jpg,YOUNG
10567.jpg,MIDDLE
24274.jpg,OLD
10312.jpg,MIDDLE
20607.jpg,MIDDLE
14394.jpg,MIDDLE
1567.jpg,YOUNG
9106.jpg,MIDDLE
17526.jpg,MIDDLE
26048.jpg,YOUNG
19683.jpg,YOUNG
15583.jpg,YOUNG
9498.jpg,MIDDLE
1464.jpg,MIDDLE
18294.jpg,MIDDLE
12704.jpg,MIDDLE
22804.jpg,MIDDLE
5747.jpg,MIDDLE
16954.jpg,YOUNG
26414.jpg,MIDDLE
18481.jpg,MIDDLE
17812.jpg,YOUNG
10827.jpg,MIDDLE
11975.jpg,MIDDLE
20310.jpg,YOUNG
23950.jpg,YOUNG
5555.jpg,YOUNG
4187.jpg,YOUNG
2506.jpg,YOUNG
3936.jpg,YOUNG
18966.jpg,MIDDLE
6624.jpg,MIDDLE
17424.jpg,YOUNG
16080.jpg,YOUNG
8176.jpg,YOUNG
15195.jpg,YOUNG
22656.jpg,MIDDLE
8459.jpg,YOUNG
12462.jpg,MIDDLE
20901.jpg,MIDDLE
17858.jpg,OLD
6379.jpg,MIDDLE
4106.jpg,MIDDLE
24244.jpg,MIDDLE
20869.jpg,YOUNG
4235.jpg,YOUNG
12022.jpg,MIDDLE
21350.jpg,YOUNG
16594.jpg,MIDDLE
9083.jpg,YOUNG
936.jpg,YOUNG
12415.jpg,MIDDLE
5917.jpg,MIDDLE
20919.jpg,YOUNG
3026.jpg,MIDDLE
4980.jpg,MIDDLE
8741.jpg,MIDDLE
21213.jpg,YOUNG
24240.jpg,YOUNG
22195.jpg,YOUNG
19302.jpg,YOUNG
15825.jpg,YOUNG
22869.jpg,YOUNG
23175.jpg,YOUNG
25564.jpg,YOUNG
11247.jpg,MIDDLE
5706.jpg,YOUNG
19193.jpg,MIDDLE
18623.jpg,OLD
19332.jpg,OLD
24321.jpg,MIDDLE
20743.jpg,MIDDLE
12099.jpg,MIDDLE
24664.jpg,MIDDLE
15073.jpg,MIDDLE
10339.jpg,MIDDLE
19217.jpg,YOUNG
10627.jpg,MIDDLE
2426.jpg,YOUNG
20679.jpg,YOUNG
14453.jpg,MIDDLE
21098.jpg,MIDDLE
10744.jpg,MIDDLE
20038.jpg,MIDDLE
15443.jpg,MIDDLE
9680.jpg,YOUNG
12194.jpg,MIDDLE
12718.jpg,YOUNG
3768.jpg,YOUNG
20171.jpg,MIDDLE
13599.jpg,YOUNG
5766.jpg,OLD
22780.jpg,MIDDLE
24913.jpg,MIDDLE
3038.jpg,MIDDLE
10589.jpg,YOUNG
26493.jpg,YOUNG
4655.jpg,YOUNG
18769.jpg,OLD
20245.jpg,MIDDLE
1523.jpg,MIDDLE
19977.jpg,OLD
5816.jpg,YOUNG
5279.jpg,MIDDLE
4349.jpg,MIDDLE
6714.jpg,YOUNG
18692.jpg,OLD
5225.jpg,MIDDLE
10154.jpg,MIDDLE
8719.jpg,MIDDLE
21173.jpg,MIDDLE
20287.jpg,YOUNG
3037.jpg,MIDDLE
2876.jpg,MIDDLE
22725.jpg,MIDDLE
19154.jpg,YOUNG
3443.jpg,YOUNG
23455.jpg,MIDDLE
113.jpg,YOUNG
17789.jpg,MIDDLE
270.jpg,YOUNG
22661.jpg,MIDDLE
9418.jpg,MIDDLE
10781.jpg,MIDDLE
26248.jpg,MIDDLE
23762.jpg,YOUNG
4542.jpg,YOUNG
6785.jpg,YOUNG
2997.jpg,OLD
25374.jpg,MIDDLE
10306.jpg,MIDDLE
2836.jpg,OLD
13533.jpg,MIDDLE
17635.jpg,YOUNG
15566.jpg,MIDDLE
12272.jpg,MIDDLE
8022.jpg,YOUNG
5969.jpg,MIDDLE
5465.jpg,YOUNG
8895.jpg,MIDDLE
7608.jpg,MIDDLE
13566.jpg,MIDDLE
1963.jpg,MIDDLE
9633.jpg,YOUNG
16195.jpg,YOUNG
14243.jpg,YOUNG
6728.jpg,YOUNG
10158.jpg,YOUNG
6485.jpg,MIDDLE
1181.jpg,YOUNG
2090.jpg,OLD
8278.jpg,MIDDLE
21255.jpg,OLD
10102.jpg,MIDDLE
666.jpg,MIDDLE
4521.jpg,OLD
24056.jpg,OLD
25842.jpg,YOUNG
619.jpg,YOUNG
21263.jpg,YOUNG
758.jpg,OLD
16555.jpg,YOUNG
23374.jpg,YOUNG
14152.jpg,MIDDLE
11481.jpg,YOUNG
5775.jpg,YOUNG
7233.jpg,MIDDLE
21238.jpg,YOUNG
19053.jpg,OLD
10943.jpg,YOUNG
20506.jpg,YOUNG
19146.jpg,OLD
1225.jpg,YOUNG
10669.jpg,MIDDLE
23486.jpg,YOUNG
2456.jpg,YOUNG
2885.jpg,MIDDLE
17352.jpg,MIDDLE
12146.jpg,YOUNG
25816.jpg,OLD
25008.jpg,MIDDLE
12138.jpg,MIDDLE
19539.jpg,MIDDLE
19557.jpg,OLD
6349.jpg,MIDDLE
6810.jpg,MIDDLE
4584.jpg,YOUNG
23366.jpg,YOUNG
6264.jpg,MIDDLE
7871.jpg,MIDDLE
20568.jpg,OLD
23419.jpg,YOUNG
25894.jpg,OLD
21409.jpg,MIDDLE
21697.jpg,MIDDLE
22354.jpg,YOUNG
1429.jpg,YOUNG
5965.jpg,YOUNG
13170.jpg,MIDDLE
10290.jpg,MIDDLE
11396.jpg,YOUNG
22826.jpg,YOUNG
4674.jpg,YOUNG
23053.jpg,MIDDLE
15784.jpg,OLD
2824.jpg,MIDDLE
19039.jpg,MIDDLE
741.jpg,MIDDLE
11727.jpg,OLD
5919.jpg,YOUNG
5458.jpg,MIDDLE
9237.jpg,YOUNG
5168.jpg,MIDDLE
7591.jpg,MIDDLE
19562.jpg,YOUNG
10072.jpg,YOUNG
14728.jpg,YOUNG
15953.jpg,YOUNG
13647.jpg,YOUNG
25256.jpg,MIDDLE
139.jpg,YOUNG
25744.jpg,OLD
11044.jpg,YOUNG
25037.jpg,YOUNG
411.jpg,OLD
743.jpg,MIDDLE
18551.jpg,MIDDLE
13066.jpg,YOUNG
4624.jpg,YOUNG
16644.jpg,MIDDLE
14358.jpg,MIDDLE
19592.jpg,MIDDLE
13808.jpg,MIDDLE
18829.jpg,YOUNG
13730.jpg,YOUNG
16947.jpg,YOUNG
19454.jpg,MIDDLE
6040.jpg,MIDDLE
2258.jpg,MIDDLE
6678.jpg,MIDDLE
4461.jpg,YOUNG
5505.jpg,YOUNG
12866.jpg,MIDDLE
5654.jpg,YOUNG
14252.jpg,OLD
23131.jpg,MIDDLE
7924.jpg,YOUNG
24163.jpg,MIDDLE
8968.jpg,MIDDLE
21895.jpg,MIDDLE
3467.jpg,MIDDLE
5311.jpg,MIDDLE
2398.jpg,YOUNG
10037.jpg,MIDDLE
19514.jpg,OLD
7137.jpg,YOUNG
8294.jpg,YOUNG
25120.jpg,YOUNG
12969.jpg,OLD
914.jpg,MIDDLE
16843.jpg,MIDDLE
20575.jpg,MIDDLE
2927.jpg,MIDDLE
14898.jpg,MIDDLE
280.jpg,MIDDLE
9084.jpg,MIDDLE
20971.jpg,OLD
5561.jpg,YOUNG
25422.jpg,OLD
2453.jpg,MIDDLE
12313.jpg,YOUNG
18951.jpg,MIDDLE
14467.jpg,YOUNG
20717.jpg,YOUNG
25109.jpg,MIDDLE
12904.jpg,OLD
5617.jpg,MIDDLE
18791.jpg,YOUNG
19441.jpg,MIDDLE
20951.jpg,OLD
11581.jpg,YOUNG
9021.jpg,YOUNG
6113.jpg,MIDDLE
18133.jpg,MIDDLE
12477.jpg,MIDDLE
13435.jpg,MIDDLE
13765.jpg,MIDDLE
25613.jpg,MIDDLE
17827.jpg,YOUNG
20448.jpg,MIDDLE
1188.jpg,MIDDLE
18025.jpg,MIDDLE
12542.jpg,MIDDLE
7564.jpg,YOUNG
21624.jpg,MIDDLE
16034.jpg,MIDDLE
2318.jpg,MIDDLE
11742.jpg,MIDDLE
10003.jpg,YOUNG
24194.jpg,OLD
4975.jpg,YOUNG
20592.jpg,MIDDLE
1296.jpg,MIDDLE
25931.jpg,YOUNG
1952.jpg,YOUNG
8922.jpg,YOUNG
8209.jpg,MIDDLE
16086.jpg,YOUNG
10394.jpg,MIDDLE
15184.jpg,OLD
4574.jpg,MIDDLE
2698.jpg,MIDDLE
18147.jpg,MIDDLE
2995.jpg,YOUNG
1576.jpg,MIDDLE
1899.jpg,MIDDLE
711.jpg,MIDDLE
12921.jpg,YOUNG
9390.jpg,MIDDLE
10370.jpg,YOUNG
4605.jpg,MIDDLE
20774.jpg,MIDDLE
3337.jpg,MIDDLE
6502.jpg,OLD
4493.jpg,MIDDLE
3844.jpg,MIDDLE
2789.jpg,MIDDLE
24017.jpg,YOUNG
19237.jpg,OLD
1562.jpg,MIDDLE
11916.jpg,YOUNG
19979.jpg,MIDDLE
20480.jpg,YOUNG
18940.jpg,MIDDLE
196.jpg,YOUNG
25237.jpg,OLD
5267.jpg,YOUNG
10307.jpg,OLD
4646.jpg,YOUNG
20939.jpg,MIDDLE
19414.jpg,OLD
19593.jpg,MIDDLE
8222.jpg,YOUNG
12048.jpg,YOUNG
23218.jpg,MIDDLE
19207.jpg,OLD
13974.jpg,MIDDLE
3904.jpg,YOUNG
12501.jpg,MIDDLE
6258.jpg,MIDDLE
16304.jpg,MIDDLE
20317.jpg,YOUNG
20579.jpg,OLD
9305.jpg,YOUNG
5834.jpg,MIDDLE
15805.jpg,MIDDLE
25079.jpg,YOUNG
3700.jpg,YOUNG
11862.jpg,OLD
5682.jpg,MIDDLE
25812.jpg,MIDDLE
19075.jpg,YOUNG
7409.jpg,MIDDLE
12700.jpg,MIDDLE
25883.jpg,OLD
26005.jpg,YOUNG
7248.jpg,YOUNG
19893.jpg,YOUNG
16942.jpg,YOUNG
1450.jpg,MIDDLE
24536.jpg,OLD
1719.jpg,MIDDLE
22956.jpg,YOUNG
17555.jpg,MIDDLE
12102.jpg,YOUNG
16589.jpg,MIDDLE
26230.jpg,YOUNG
10347.jpg,YOUNG
26069.jpg,MIDDLE
4130.jpg,MIDDLE
13343.jpg,YOUNG
19753.jpg,YOUNG
16405.jpg,MIDDLE
22008.jpg,MIDDLE
13606.jpg,OLD
22082.jpg,MIDDLE
9172.jpg,YOUNG
11296.jpg,MIDDLE
17646.jpg,MIDDLE
9716.jpg,YOUNG
21290.jpg,YOUNG
5696.jpg,YOUNG
4113.jpg,YOUNG
12507.jpg,MIDDLE
22400.jpg,MIDDLE
1639.jpg,MIDDLE
16742.jpg,YOUNG
13440.jpg,MIDDLE
12192.jpg,YOUNG
14480.jpg,MIDDLE
19747.jpg,YOUNG
16212.jpg,YOUNG
1775.jpg,MIDDLE
17864.jpg,MIDDLE
21009.jpg,MIDDLE
26380.jpg,MIDDLE
17050.jpg,YOUNG
18677.jpg,MIDDLE
9279.jpg,YOUNG
5753.jpg,YOUNG
19865.jpg,YOUNG
2175.jpg,MIDDLE
18853.jpg,YOUNG
16237.jpg,OLD
12494.jpg,MIDDLE
21595.jpg,MIDDLE
1314.jpg,YOUNG
23928.jpg,MIDDLE
3975.jpg,MIDDLE
10295.jpg,YOUNG
9623.jpg,OLD
26093.jpg,OLD
20413.jpg,YOUNG
11497.jpg,MIDDLE
9913.jpg,OLD
15334.jpg,YOUNG
19259.jpg,MIDDLE
2859.jpg,YOUNG
26496.jpg,MIDDLE
10633.jpg,YOUNG
1272.jpg,YOUNG
14189.jpg,YOUNG
21446.jpg,MIDDLE
1654.jpg,YOUNG
18022.jpg,YOUNG
3079.jpg,MIDDLE
12226.jpg,YOUNG
3893.jpg,YOUNG
18963.jpg,YOUNG
14357.jpg,MIDDLE
7084.jpg,MIDDLE
22860.jpg,MIDDLE
12832.jpg,YOUNG
1804.jpg,MIDDLE
19250.jpg,YOUNG
26435.jpg,MIDDLE
2737.jpg,OLD
11075.jpg,YOUNG
20464.jpg,OLD
16976.jpg,MIDDLE
15909.jpg,MIDDLE
199.jpg,YOUNG
15017.jpg,YOUNG
10208.jpg,MIDDLE
1177.jpg,MIDDLE
15299.jpg,YOUNG
10337.jpg,YOUNG
1924.jpg,YOUNG
2734.jpg,MIDDLE
13650.jpg,MIDDLE
20890.jpg,YOUNG
19699.jpg,YOUNG
16613.jpg,YOUNG
24544.jpg,YOUNG
4428.jpg,YOUNG
23445.jpg,OLD
12514.jpg,YOUNG
17989.jpg,YOUNG
20235.jpg,MIDDLE
12963.jpg,YOUNG
5568.jpg,YOUNG
26134.jpg,MIDDLE
15907.jpg,MIDDLE
10930.jpg,MIDDLE
2143.jpg,MIDDLE
6866.jpg,YOUNG
5595.jpg,YOUNG
21929.jpg,OLD
17069.jpg,YOUNG
11187.jpg,MIDDLE
24884.jpg,YOUNG
19385.jpg,YOUNG
23678.jpg,MIDDLE
6386.jpg,YOUNG
18953.jpg,YOUNG
12596.jpg,MIDDLE
6.jpg,MIDDLE
13004.jpg,MIDDLE
3743.jpg,MIDDLE
1189.jpg,YOUNG
5916.jpg,YOUNG
8782.jpg,MIDDLE
17101.jpg,MIDDLE
24981.jpg,OLD
3500.jpg,YOUNG
12424.jpg,YOUNG
24525.jpg,YOUNG
16121.jpg,YOUNG
6315.jpg,YOUNG
12380.jpg,MIDDLE
3197.jpg,MIDDLE
12990.jpg,MIDDLE
3969.jpg,MIDDLE
7933.jpg,YOUNG
21896.jpg,MIDDLE
25486.jpg,OLD
3853.jpg,YOUNG
20591.jpg,YOUNG
3270.jpg,MIDDLE
4653.jpg,YOUNG
7328.jpg,YOUNG
15139.jpg,MIDDLE
21120.jpg,MIDDLE
2204.jpg,YOUNG
14754.jpg,YOUNG
24852.jpg,MIDDLE
11400.jpg,YOUNG
17994.jpg,MIDDLE
25765.jpg,OLD
1980.jpg,MIDDLE
18684.jpg,MIDDLE
12764.jpg,MIDDLE
10054.jpg,OLD
6778.jpg,YOUNG
22634.jpg,YOUNG
8336.jpg,MIDDLE
11408.jpg,OLD
2975.jpg,YOUNG
11759.jpg,MIDDLE
25799.jpg,OLD
20373.jpg,OLD
22819.jpg,MIDDLE
18521.jpg,MIDDLE
12096.jpg,MIDDLE
9841.jpg,YOUNG
12169.jpg,MIDDLE
6299.jpg,OLD
18290.jpg,YOUNG
21261.jpg,YOUNG
16977.jpg,OLD
23874.jpg,MIDDLE
3741.jpg,YOUNG
14670.jpg,OLD
20379.jpg,OLD
2591.jpg,MIDDLE
23433.jpg,YOUNG
24457.jpg,YOUNG
2930.jpg,MIDDLE
1665.jpg,YOUNG
9308.jpg,MIDDLE
20247.jpg,MIDDLE
20860.jpg,YOUNG
25721.jpg,MIDDLE
18641.jpg,MIDDLE
16827.jpg,YOUNG
17330.jpg,OLD
9862.jpg,YOUNG
10608.jpg,YOUNG
21015.jpg,MIDDLE
13063.jpg,YOUNG
21378.jpg,YOUNG
14884.jpg,YOUNG
24902.jpg,MIDDLE
24119.jpg,MIDDLE
16210.jpg,MIDDLE
5000.jpg,OLD
14664.jpg,YOUNG
3024.jpg,MIDDLE
20771.jpg,MIDDLE
8987.jpg,YOUNG
6210.jpg,YOUNG
25638.jpg,OLD
12039.jpg,MIDDLE
802.jpg,MIDDLE
25517.jpg,YOUNG
3151.jpg,OLD
24327.jpg,YOUNG
14574.jpg,MIDDLE
276.jpg,YOUNG
18905.jpg,YOUNG
18550.jpg,YOUNG
16084.jpg,YOUNG
15167.jpg,MIDDLE
6185.jpg,MIDDLE
15924.jpg,MIDDLE
14774.jpg,MIDDLE
8720.jpg,YOUNG
6768.jpg,MIDDLE
20266.jpg,MIDDLE
17656.jpg,OLD
5831.jpg,MIDDLE
4180.jpg,MIDDLE
14531.jpg,MIDDLE
15656.jpg,YOUNG
2330.jpg,YOUNG
4156.jpg,MIDDLE
9379.jpg,MIDDLE
16.jpg,MIDDLE
8948.jpg,YOUNG
16775.jpg,OLD
19399.jpg,MIDDLE
15026.jpg,MIDDLE
23081.jpg,MIDDLE
1827.jpg,MIDDLE
26383.jpg,YOUNG
23599.jpg,MIDDLE
11791.jpg,MIDDLE
990.jpg,OLD
9481.jpg,OLD
19510.jpg,YOUNG
5598.jpg,MIDDLE
1672.jpg,MIDDLE
25298.jpg,MIDDLE
5543.jpg,MIDDLE
15607.jpg,YOUNG
8372.jpg,OLD
22695.jpg,YOUNG
21804.jpg,YOUNG
23553.jpg,YOUNG
17977.jpg,YOUNG
14576.jpg,YOUNG
812.jpg,OLD
18908.jpg,YOUNG
3706.jpg,MIDDLE
10022.jpg,YOUNG
25072.jpg,YOUNG
19767.jpg,YOUNG
5051.jpg,MIDDLE
16083.jpg,YOUNG
20270.jpg,YOUNG
281.jpg,YOUNG
10410.jpg,MIDDLE
3232.jpg,MIDDLE
15815.jpg,YOUNG
5154.jpg,MIDDLE
8851.jpg,MIDDLE
25608.jpg,OLD
22206.jpg,MIDDLE
734.jpg,YOUNG
11080.jpg,MIDDLE
16736.jpg,MIDDLE
22952.jpg,YOUNG
15668.jpg,MIDDLE
7894.jpg,YOUNG
9193.jpg,MIDDLE
5109.jpg,YOUNG
21456.jpg,YOUNG
14201.jpg,MIDDLE
2312.jpg,YOUNG
18476.jpg,OLD
18377.jpg,MIDDLE
10064.jpg,OLD
16841.jpg,YOUNG
6570.jpg,YOUNG
25395.jpg,MIDDLE
7512.jpg,YOUNG
17528.jpg,YOUNG
6705.jpg,YOUNG
18763.jpg,MIDDLE
1024.jpg,OLD
1280.jpg,MIDDLE
11584.jpg,MIDDLE
12089.jpg,YOUNG
24580.jpg,YOUNG
18647.jpg,OLD
25038.jpg,MIDDLE
12924.jpg,MIDDLE
8364.jpg,MIDDLE
17217.jpg,YOUNG
4146.jpg,YOUNG
9807.jpg,MIDDLE
23114.jpg,MIDDLE
927.jpg,MIDDLE
22307.jpg,MIDDLE
6372.jpg,MIDDLE
14781.jpg,OLD
684.jpg,MIDDLE
2965.jpg,MIDDLE
4546.jpg,MIDDLE
528.jpg,MIDDLE
5702.jpg,YOUNG
12087.jpg,YOUNG
12327.jpg,MIDDLE
8870.jpg,MIDDLE
23471.jpg,YOUNG
22060.jpg,MIDDLE
1718.jpg,YOUNG
4961.jpg,MIDDLE
14016.jpg,YOUNG
12794.jpg,MIDDLE
18599.jpg,YOUNG
13753.jpg,YOUNG
11845.jpg,MIDDLE
20610.jpg,YOUNG
12956.jpg,MIDDLE
4752.jpg,YOUNG
24706.jpg,YOUNG
24565.jpg,MIDDLE
25829.jpg,OLD
13656.jpg,MIDDLE
9127.jpg,YOUNG
6493.jpg,YOUNG
4200.jpg,OLD
23621.jpg,MIDDLE
14008.jpg,MIDDLE
6390.jpg,OLD
22833.jpg,MIDDLE
17154.jpg,YOUNG
2304.jpg,OLD
18208.jpg,MIDDLE
6488.jpg,MIDDLE
1797.jpg,YOUNG
13014.jpg,MIDDLE
8029.jpg,YOUNG
24847.jpg,YOUNG
8931.jpg,YOUNG
26502.jpg,MIDDLE
8843.jpg,YOUNG
14998.jpg,MIDDLE
21234.jpg,MIDDLE
22029.jpg,YOUNG
19682.jpg,MIDDLE
24800.jpg,MIDDLE
13547.jpg,MIDDLE
20216.jpg,OLD
17347.jpg,OLD
20233.jpg,MIDDLE
8695.jpg,MIDDLE
22727.jpg,MIDDLE
19883.jpg,OLD
10993.jpg,MIDDLE
23301.jpg,YOUNG
22583.jpg,MIDDLE
22886.jpg,MIDDLE
11597.jpg,YOUNG
12665.jpg,YOUNG
23282.jpg,YOUNG
18417.jpg,YOUNG
21627.jpg,MIDDLE
25932.jpg,MIDDLE
20388.jpg,MIDDLE
9875.jpg,OLD
10042.jpg,YOUNG
16523.jpg,YOUNG
23882.jpg,MIDDLE
15078.jpg,OLD
24364.jpg,MIDDLE
23869.jpg,MIDDLE
19087.jpg,MIDDLE
20840.jpg,YOUNG
22225.jpg,YOUNG
20462.jpg,MIDDLE
9042.jpg,YOUNG
22529.jpg,YOUNG
11972.jpg,YOUNG
15551.jpg,MIDDLE
18412.jpg,YOUNG
1871.jpg,YOUNG
22426.jpg,MIDDLE
18039.jpg,YOUNG
382.jpg,YOUNG
3438.jpg,YOUNG
10911.jpg,MIDDLE
13068.jpg,YOUNG
3906.jpg,MIDDLE
8251.jpg,YOUNG
2752.jpg,YOUNG
15572.jpg,MIDDLE
14581.jpg,OLD
8794.jpg,OLD
3031.jpg,OLD
24361.jpg,MIDDLE
2337.jpg,MIDDLE
1705.jpg,YOUNG
25707.jpg,MIDDLE
3458.jpg,MIDDLE
20857.jpg,YOUNG
7661.jpg,YOUNG
11614.jpg,OLD
22562.jpg,YOUNG
15922.jpg,OLD
20603.jpg,YOUNG
15093.jpg,YOUNG
22673.jpg,YOUNG
25070.jpg,MIDDLE
12984.jpg,MIDDLE
10380.jpg,YOUNG
6769.jpg,YOUNG
10144.jpg,YOUNG
8798.jpg,MIDDLE
3870.jpg,MIDDLE
21956.jpg,MIDDLE
12188.jpg,YOUNG
24911.jpg,MIDDLE
24954.jpg,MIDDLE
24518.jpg,MIDDLE
13510.jpg,YOUNG
18722.jpg,MIDDLE
5214.jpg,YOUNG
1919.jpg,MIDDLE
14263.jpg,MIDDLE
5801.jpg,MIDDLE
13741.jpg,MIDDLE
12221.jpg,OLD
16741.jpg,MIDDLE
24612.jpg,OLD
11149.jpg,MIDDLE
7760.jpg,MIDDLE
15718.jpg,MIDDLE
20289.jpg,OLD
17467.jpg,MIDDLE
9410.jpg,MIDDLE
415.jpg,YOUNG
14715.jpg,MIDDLE
11258.jpg,MIDDLE
22222.jpg,YOUNG
22906.jpg,YOUNG
22517.jpg,MIDDLE
17117.jpg,MIDDLE
18960.jpg,YOUNG
2547.jpg,MIDDLE
17577.jpg,MIDDLE
7188.jpg,MIDDLE
8954.jpg,YOUNG
18364.jpg,MIDDLE
6438.jpg,YOUNG
5867.jpg,YOUNG
21840.jpg,MIDDLE
22229.jpg,MIDDLE
13360.jpg,YOUNG
5135.jpg,MIDDLE
14568.jpg,MIDDLE
19757.jpg,YOUNG
18050.jpg,YOUNG
2616.jpg,MIDDLE
20768.jpg,MIDDLE
22980.jpg,MIDDLE
15047.jpg,MIDDLE
18513.jpg,OLD
13633.jpg,MIDDLE
20557.jpg,MIDDLE
20847.jpg,OLD
6747.jpg,YOUNG
3749.jpg,YOUNG
18492.jpg,MIDDLE
2817.jpg,MIDDLE
5612.jpg,YOUNG
12488.jpg,OLD
20348.jpg,YOUNG
7728.jpg,YOUNG
1735.jpg,OLD
26417.jpg,MIDDLE
4297.jpg,MIDDLE
8172.jpg,MIDDLE
20471.jpg,MIDDLE
2127.jpg,YOUNG
9951.jpg,YOUNG
5322.jpg,MIDDLE
14772.jpg,YOUNG
2478.jpg,OLD
24745.jpg,MIDDLE
18846.jpg,YOUNG
10288.jpg,MIDDLE
18851.jpg,OLD
18372.jpg,YOUNG
6964.jpg,MIDDLE
17579.jpg,YOUNG
1304.jpg,YOUNG
21508.jpg,OLD
9104.jpg,MIDDLE
18907.jpg,MIDDLE
16973.jpg,MIDDLE
19638.jpg,MIDDLE
18401.jpg,YOUNG
22638.jpg,YOUNG
9995.jpg,OLD
24010.jpg,OLD
23692.jpg,YOUNG
20218.jpg,MIDDLE
15473.jpg,YOUNG
7773.jpg,MIDDLE
21320.jpg,MIDDLE
3081.jpg,YOUNG
2187.jpg,YOUNG
19880.jpg,YOUNG
3837.jpg,YOUNG
22228.jpg,YOUNG
20143.jpg,YOUNG
21351.jpg,YOUNG
19973.jpg,MIDDLE
12857.jpg,MIDDLE
8992.jpg,MIDDLE
477.jpg,OLD
16782.jpg,MIDDLE
51.jpg,YOUNG
18289.jpg,OLD
6548.jpg,MIDDLE
17351.jpg,YOUNG
24875.jpg,YOUNG
25942.jpg,OLD
14984.jpg,YOUNG
23911.jpg,MIDDLE
15348.jpg,OLD
5795.jpg,OLD
24093.jpg,MIDDLE
3806.jpg,MIDDLE
23873.jpg,MIDDLE
24384.jpg,YOUNG
2100.jpg,YOUNG
9921.jpg,MIDDLE
6213.jpg,MIDDLE
22204.jpg,YOUNG
23851.jpg,YOUNG
6531.jpg,YOUNG
14642.jpg,OLD
26432.jpg,YOUNG
11500.jpg,MIDDLE
2607.jpg,YOUNG
12674.jpg,YOUNG
8788.jpg,MIDDLE
16692.jpg,MIDDLE
13286.jpg,MIDDLE
19647.jpg,YOUNG
5450.jpg,MIDDLE
13597.jpg,YOUNG
19830.jpg,YOUNG
4873.jpg,MIDDLE
2484.jpg,MIDDLE
5998.jpg,YOUNG
5579.jpg,MIDDLE
19989.jpg,YOUNG
21763.jpg,OLD
15023.jpg,OLD
20788.jpg,YOUNG
6748.jpg,YOUNG
16968.jpg,YOUNG
19712.jpg,YOUNG
13344.jpg,MIDDLE
18912.jpg,MIDDLE
4538.jpg,OLD
10936.jpg,OLD
23023.jpg,YOUNG
23468.jpg,MIDDLE
5189.jpg,YOUNG
4450.jpg,MIDDLE
10903.jpg,MIDDLE
10919.jpg,MIDDLE
15382.jpg,MIDDLE
3549.jpg,MIDDLE
13491.jpg,YOUNG
7872.jpg,MIDDLE
18206.jpg,YOUNG
3925.jpg,MIDDLE
6320.jpg,MIDDLE
9853.jpg,OLD
20861.jpg,MIDDLE
5180.jpg,YOUNG
7916.jpg,MIDDLE
1171.jpg,MIDDLE
14923.jpg,MIDDLE
9485.jpg,MIDDLE
17590.jpg,MIDDLE
3609.jpg,MIDDLE
15385.jpg,MIDDLE
8163.jpg,YOUNG
22448.jpg,YOUNG
21262.jpg,YOUNG
18617.jpg,YOUNG
14030.jpg,MIDDLE
6013.jpg,YOUNG
15895.jpg,MIDDLE
1224.jpg,MIDDLE
19974.jpg,OLD
21133.jpg,YOUNG
19909.jpg,MIDDLE
9432.jpg,MIDDLE
7320.jpg,MIDDLE
21760.jpg,YOUNG
25185.jpg,MIDDLE
13166.jpg,YOUNG
9585.jpg,MIDDLE
22564.jpg,MIDDLE
1740.jpg,MIDDLE
8985.jpg,YOUNG
11036.jpg,MIDDLE
14726.jpg,MIDDLE
3334.jpg,MIDDLE
12074.jpg,MIDDLE
16022.jpg,YOUNG
243.jpg,YOUNG
5807.jpg,YOUNG
3098.jpg,MIDDLE
17630.jpg,YOUNG
1763.jpg,YOUNG
660.jpg,YOUNG
2813.jpg,YOUNG
8786.jpg,MIDDLE
1033.jpg,OLD
12525.jpg,YOUNG
16427.jpg,MIDDLE
16707.jpg,MIDDLE
26146.jpg,MIDDLE
2510.jpg,MIDDLE
17939.jpg,YOUNG
13666.jpg,YOUNG
14516.jpg,MIDDLE
2290.jpg,MIDDLE
15884.jpg,YOUNG
494.jpg,MIDDLE
4555.jpg,YOUNG
10180.jpg,YOUNG
3170.jpg,MIDDLE
13897.jpg,MIDDLE
13552.jpg,MIDDLE
4518.jpg,MIDDLE
5802.jpg,YOUNG
8208.jpg,OLD
22212.jpg,YOUNG
23870.jpg,MIDDLE
24179.jpg,MIDDLE
16452.jpg,YOUNG
9610.jpg,YOUNG
19361.jpg,OLD
17476.jpg,MIDDLE
17887.jpg,OLD
24325.jpg,OLD
9962.jpg,MIDDLE
447.jpg,MIDDLE
9548.jpg,YOUNG
5870.jpg,MIDDLE
4175.jpg,YOUNG
15388.jpg,YOUNG
16263.jpg,YOUNG
8607.jpg,MIDDLE
21511.jpg,YOUNG
8776.jpg,YOUNG
13638.jpg,OLD
10866.jpg,YOUNG
12729.jpg,MIDDLE
9225.jpg,MIDDLE
11561.jpg,YOUNG
22125.jpg,MIDDLE
10329.jpg,OLD
21414.jpg,YOUNG
12792.jpg,YOUNG
8423.jpg,YOUNG
16027.jpg,YOUNG
9403.jpg,MIDDLE
6127.jpg,MIDDLE
19023.jpg,OLD
23989.jpg,MIDDLE
9389.jpg,OLD
17593.jpg,MIDDLE
20.jpg,MIDDLE
23638.jpg,MIDDLE
24101.jpg,OLD
24607.jpg,MIDDLE
26334.jpg,MIDDLE
18222.jpg,YOUNG
17998.jpg,MIDDLE
1978.jpg,OLD
871.jpg,MIDDLE
25630.jpg,YOUNG
861.jpg,YOUNG
4534.jpg,MIDDLE
16603.jpg,YOUNG
1713.jpg,MIDDLE
877.jpg,MIDDLE
9328.jpg,YOUNG
26282.jpg,OLD
6522.jpg,MIDDLE
14312.jpg,MIDDLE
26371.jpg,MIDDLE
14735.jpg,MIDDLE
2468.jpg,YOUNG
19698.jpg,YOUNG
12241.jpg,YOUNG
3791.jpg,YOUNG
13758.jpg,YOUNG
20297.jpg,YOUNG
21738.jpg,YOUNG
20841.jpg,YOUNG
4733.jpg,MIDDLE
19084.jpg,MIDDLE
399.jpg,MIDDLE
18466.jpg,MIDDLE
10403.jpg,YOUNG
7915.jpg,MIDDLE
9242.jpg,MIDDLE
22015.jpg,YOUNG
11895.jpg,MIDDLE
22770.jpg,MIDDLE
44.jpg,MIDDLE
16286.jpg,YOUNG
16172.jpg,OLD
20119.jpg,MIDDLE
13044.jpg,MIDDLE
13972.jpg,YOUNG
1253.jpg,MIDDLE
3715.jpg,YOUNG
9923.jpg,YOUNG
19549.jpg,MIDDLE
9117.jpg,YOUNG
1686.jpg,YOUNG
310.jpg,MIDDLE
13055.jpg,MIDDLE
15075.jpg,MIDDLE
13780.jpg,MIDDLE
7961.jpg,MIDDLE
13981.jpg,MIDDLE
21836.jpg,YOUNG
11251.jpg,OLD
3712.jpg,MIDDLE
1535.jpg,YOUNG
16895.jpg,MIDDLE
712.jpg,MIDDLE
1182.jpg,MIDDLE
16146.jpg,MIDDLE
8727.jpg,YOUNG
5120.jpg,MIDDLE
11098.jpg,YOUNG
22106.jpg,MIDDLE
23514.jpg,YOUNG
21571.jpg,MIDDLE
10875.jpg,YOUNG
22494.jpg,MIDDLE
11126.jpg,YOUNG
3558.jpg,MIDDLE
4983.jpg,MIDDLE
22205.jpg,YOUNG
26353.jpg,MIDDLE
25989.jpg,YOUNG
11073.jpg,YOUNG
4208.jpg,YOUNG
2870.jpg,YOUNG
12295.jpg,MIDDLE
23724.jpg,YOUNG
26176.jpg,MIDDLE
11883.jpg,MIDDLE
19064.jpg,YOUNG
26475.jpg,MIDDLE
13088.jpg,MIDDLE
20197.jpg,OLD
5873.jpg,YOUNG
2023.jpg,MIDDLE
3592.jpg,MIDDLE
21035.jpg,YOUNG
9859.jpg,MIDDLE
11867.jpg,YOUNG
25648.jpg,YOUNG
5255.jpg,MIDDLE
19770.jpg,MIDDLE
15157.jpg,YOUNG
2684.jpg,YOUNG
2388.jpg,MIDDLE
15665.jpg,MIDDLE
4329.jpg,MIDDLE
15986.jpg,YOUNG
11569.jpg,OLD
12886.jpg,YOUNG
25157.jpg,MIDDLE
8728.jpg,MIDDLE
12937.jpg,MIDDLE
23847.jpg,YOUNG
26064.jpg,MIDDLE
14179.jpg,MIDDLE
4370.jpg,MIDDLE
15762.jpg,MIDDLE
3617.jpg,YOUNG
23679.jpg,YOUNG
10399.jpg,YOUNG
17709.jpg,MIDDLE
3961.jpg,OLD
23506.jpg,MIDDLE
21181.jpg,MIDDLE
4081.jpg,YOUNG
14973.jpg,YOUNG
12896.jpg,MIDDLE
15755.jpg,MIDDLE
26268.jpg,OLD
3092.jpg,YOUNG
8441.jpg,MIDDLE
54.jpg,MIDDLE
2158.jpg,MIDDLE
16439.jpg,MIDDLE
21939.jpg,MIDDLE
17208.jpg,MIDDLE
5526.jpg,MIDDLE
4480.jpg,MIDDLE
22263.jpg,MIDDLE
12134.jpg,YOUNG
25783.jpg,YOUNG
4798.jpg,MIDDLE
13158.jpg,YOUNG
10639.jpg,YOUNG
16377.jpg,YOUNG
8418.jpg,YOUNG
25226.jpg,YOUNG
12954.jpg,MIDDLE
13404.jpg,MIDDLE
22324.jpg,YOUNG
516.jpg,MIDDLE
8586.jpg,MIDDLE
2220.jpg,YOUNG
17082.jpg,MIDDLE
22585.jpg,YOUNG
15985.jpg,MIDDLE
6249.jpg,MIDDLE
1326.jpg,YOUNG
6192.jpg,OLD
12046.jpg,YOUNG
12971.jpg,YOUNG
17866.jpg,MIDDLE
22814.jpg,YOUNG
21061.jpg,MIDDLE
1872.jpg,OLD
7805.jpg,YOUNG
17546.jpg,YOUNG
19183.jpg,MIDDLE
9972.jpg,MIDDLE
4935.jpg,YOUNG
19486.jpg,YOUNG
25998.jpg,OLD
8247.jpg,OLD
3468.jpg,YOUNG
14403.jpg,YOUNG
22818.jpg,MIDDLE
2472.jpg,MIDDLE
21640.jpg,YOUNG
14046.jpg,MIDDLE
21191.jpg,MIDDLE
22535.jpg,MIDDLE
13878.jpg,YOUNG
15141.jpg,YOUNG
21591.jpg,MIDDLE
14227.jpg,MIDDLE
11588.jpg,YOUNG
25888.jpg,MIDDLE
14087.jpg,MIDDLE
8148.jpg,MIDDLE
7749.jpg,YOUNG
19366.jpg,YOUNG
15201.jpg,MIDDLE
20661.jpg,MIDDLE
13807.jpg,OLD
22825.jpg,YOUNG
20748.jpg,YOUNG
5501.jpg,YOUNG
296.jpg,YOUNG
4364.jpg,YOUNG
18932.jpg,OLD
17229.jpg,MIDDLE
1836.jpg,YOUNG
13457.jpg,MIDDLE
14830.jpg,YOUNG
17813.jpg,MIDDLE
18114.jpg,YOUNG
10142.jpg,OLD
89.jpg,YOUNG
8430.jpg,MIDDLE
11683.jpg,MIDDLE
23323.jpg,YOUNG
16089.jpg,YOUNG
1108.jpg,MIDDLE
24477.jpg,YOUNG
20621.jpg,OLD
6891.jpg,YOUNG
16862.jpg,MIDDLE
7504.jpg,OLD
1724.jpg,YOUNG
17679.jpg,YOUNG
3295.jpg,MIDDLE
5716.jpg,YOUNG
6690.jpg,YOUNG
24986.jpg,MIDDLE
16276.jpg,YOUNG
13428.jpg,YOUNG
6638.jpg,MIDDLE
22156.jpg,YOUNG
9956.jpg,MIDDLE
12510.jpg,YOUNG
19518.jpg,OLD
123.jpg,OLD
17168.jpg,YOUNG
7675.jpg,MIDDLE
13051.jpg,YOUNG
661.jpg,YOUNG
9939.jpg,YOUNG
244.jpg,MIDDLE
18948.jpg,MIDDLE
79.jpg,MIDDLE
15067.jpg,MIDDLE
5065.jpg,YOUNG
14294.jpg,YOUNG
20024.jpg,OLD
14478.jpg,MIDDLE
11156.jpg,MIDDLE
16453.jpg,MIDDLE
7759.jpg,MIDDLE
15115.jpg,MIDDLE
21269.jpg,YOUNG
19925.jpg,OLD
17960.jpg,MIDDLE
7869.jpg,MIDDLE
6475.jpg,MIDDLE
22734.jpg,MIDDLE
10014.jpg,MIDDLE
10574.jpg,YOUNG
19769.jpg,MIDDLE
2050.jpg,MIDDLE
10421.jpg,YOUNG
21079.jpg,YOUNG
9926.jpg,MIDDLE
14853.jpg,YOUNG
9782.jpg,MIDDLE
2295.jpg,OLD
10721.jpg,YOUNG
2244.jpg,YOUNG
5858.jpg,MIDDLE
5423.jpg,YOUNG
25253.jpg,YOUNG
16319.jpg,OLD
8880.jpg,MIDDLE
3575.jpg,OLD
714.jpg,MIDDLE
23483.jpg,OLD
308.jpg,OLD
23801.jpg,YOUNG
4325.jpg,YOUNG
5645.jpg,MIDDLE
19474.jpg,YOUNG
18418.jpg,MIDDLE
21469.jpg,YOUNG
14198.jpg,YOUNG
14533.jpg,YOUNG
18778.jpg,YOUNG
12653.jpg,MIDDLE
18659.jpg,MIDDLE
4184.jpg,MIDDLE
9176.jpg,YOUNG
5961.jpg,MIDDLE
25393.jpg,MIDDLE
23746.jpg,YOUNG
1228.jpg,MIDDLE
11050.jpg,MIDDLE
13401.jpg,YOUNG
10459.jpg,YOUNG
17001.jpg,MIDDLE
24001.jpg,YOUNG
11524.jpg,MIDDLE
16933.jpg,MIDDLE
8487.jpg,MIDDLE
8194.jpg,MIDDLE
18056.jpg,OLD
10340.jpg,MIDDLE
9581.jpg,MIDDLE
24040.jpg,OLD
9400.jpg,YOUNG
14285.jpg,MIDDLE
19766.jpg,YOUNG
5849.jpg,MIDDLE
5220.jpg,YOUNG
4791.jpg,MIDDLE
13309.jpg,YOUNG
25489.jpg,MIDDLE
7600.jpg,MIDDLE
427.jpg,MIDDLE
10843.jpg,OLD
26358.jpg,YOUNG
18456.jpg,YOUNG
5527.jpg,YOUNG
9502.jpg,YOUNG
16465.jpg,MIDDLE
20096.jpg,YOUNG
2517.jpg,YOUNG
7982.jpg,MIDDLE
16964.jpg,MIDDLE
7216.jpg,MIDDLE
12037.jpg,OLD
23836.jpg,YOUNG
3639.jpg,YOUNG
15414.jpg,YOUNG
8574.jpg,YOUNG
25291.jpg,YOUNG
25935.jpg,YOUNG
21264.jpg,YOUNG
11645.jpg,YOUNG
24890.jpg,MIDDLE
16868.jpg,MIDDLE
16619.jpg,YOUNG
24368.jpg,MIDDLE
18228.jpg,YOUNG
6265.jpg,OLD
9784.jpg,OLD
5277.jpg,YOUNG
5492.jpg,MIDDLE
17266.jpg,YOUNG
10826.jpg,MIDDLE
20521.jpg,YOUNG
7686.jpg,MIDDLE
4978.jpg,YOUNG
26389.jpg,MIDDLE
4668.jpg,MIDDLE
2518.jpg,MIDDLE
22438.jpg,MIDDLE
2601.jpg,MIDDLE
1684.jpg,YOUNG
20453.jpg,YOUNG
21499.jpg,YOUNG
1539.jpg,MIDDLE
25873.jpg,MIDDLE
11768.jpg,YOUNG
25718.jpg,MIDDLE
20601.jpg,OLD
15175.jpg,MIDDLE
9613.jpg,MIDDLE
26132.jpg,MIDDLE
15702.jpg,MIDDLE
6075.jpg,YOUNG
22087.jpg,YOUNG
18935.jpg,YOUNG
13233.jpg,MIDDLE
8594.jpg,MIDDLE
21182.jpg,YOUNG
25820.jpg,MIDDLE
7356.jpg,MIDDLE
15596.jpg,YOUNG
1261.jpg,YOUNG
4304.jpg,YOUNG
12456.jpg,MIDDLE
14653.jpg,YOUNG
12142.jpg,MIDDLE
9806.jpg,YOUNG
19664.jpg,OLD
13122.jpg,OLD
5209.jpg,YOUNG
4683.jpg,MIDDLE
25546.jpg,MIDDLE
13366.jpg,MIDDLE
12711.jpg,OLD
15770.jpg,MIDDLE
21639.jpg,YOUNG
22333.jpg,OLD
12257.jpg,MIDDLE
13836.jpg,OLD
16558.jpg,YOUNG
14967.jpg,YOUNG
19831.jpg,MIDDLE
5157.jpg,MIDDLE
25556.jpg,MIDDLE
19405.jpg,YOUNG
5888.jpg,MIDDLE
18892.jpg,YOUNG
14647.jpg,MIDDLE
3323.jpg,YOUNG
15248.jpg,OLD
14604.jpg,MIDDLE
9928.jpg,YOUNG
5453.jpg,OLD
19509.jpg,YOUNG
11847.jpg,MIDDLE
24689.jpg,MIDDLE
16934.jpg,OLD
17056.jpg,YOUNG
6366.jpg,MIDDLE
14605.jpg,MIDDLE
19090.jpg,YOUNG
9220.jpg,MIDDLE
22697.jpg,MIDDLE
22937.jpg,YOUNG
11909.jpg,OLD
5057.jpg,YOUNG
20556.jpg,MIDDLE
8571.jpg,YOUNG
13964.jpg,MIDDLE
20910.jpg,YOUNG
11248.jpg,OLD
8813.jpg,YOUNG
17183.jpg,MIDDLE
21963.jpg,MIDDLE
10673.jpg,MIDDLE
12974.jpg,MIDDLE
21815.jpg,YOUNG
17537.jpg,MIDDLE
21267.jpg,MIDDLE
5850.jpg,YOUNG
6676.jpg,MIDDLE
22822.jpg,MIDDLE
7932.jpg,MIDDLE
18775.jpg,MIDDLE
331.jpg,MIDDLE
402.jpg,MIDDLE
15107.jpg,MIDDLE
23850.jpg,YOUNG
12890.jpg,YOUNG
23130.jpg,YOUNG
14389.jpg,MIDDLE
6413.jpg,YOUNG
20325.jpg,MIDDLE
19955.jpg,MIDDLE
23317.jpg,YOUNG
8839.jpg,MIDDLE
17364.jpg,YOUNG
21837.jpg,YOUNG
11157.jpg,OLD
9455.jpg,YOUNG
26091.jpg,MIDDLE
19199.jpg,MIDDLE
19312.jpg,MIDDLE
9448.jpg,YOUNG
13071.jpg,MIDDLE
3407.jpg,YOUNG
6092.jpg,MIDDLE
104.jpg,MIDDLE
11289.jpg,YOUNG
11359.jpg,MIDDLE
11725.jpg,YOUNG
14826.jpg,YOUNG
24058.jpg,YOUNG
18807.jpg,OLD
11876.jpg,MIDDLE
22854.jpg,MIDDLE
1379.jpg,MIDDLE
22857.jpg,YOUNG
18820.jpg,YOUNG
12176.jpg,MIDDLE
15945.jpg,YOUNG
1937.jpg,MIDDLE
1581.jpg,YOUNG
22908.jpg,MIDDLE
9714.jpg,MIDDLE
18234.jpg,OLD
21685.jpg,OLD
18344.jpg,YOUNG
23013.jpg,OLD
890.jpg,OLD
20624.jpg,MIDDLE
15742.jpg,YOUNG
761.jpg,MIDDLE
18875.jpg,YOUNG
25693.jpg,MIDDLE
25334.jpg,OLD
1329.jpg,YOUNG
22199.jpg,MIDDLE
14434.jpg,MIDDLE
5082.jpg,YOUNG
939.jpg,MIDDLE
23290.jpg,MIDDLE
6812.jpg,YOUNG
14011.jpg,MIDDLE
17897.jpg,YOUNG
19879.jpg,MIDDLE
6772.jpg,MIDDLE
3562.jpg,YOUNG
15373.jpg,OLD
22513.jpg,MIDDLE
11070.jpg,YOUNG
5321.jpg,MIDDLE
6405.jpg,YOUNG
14159.jpg,MIDDLE
14700.jpg,OLD
4286.jpg,MIDDLE
24763.jpg,MIDDLE
18367.jpg,MIDDLE
15371.jpg,YOUNG
6892.jpg,OLD
252.jpg,YOUNG
7529.jpg,YOUNG
23182.jpg,MIDDLE
3412.jpg,YOUNG
3818.jpg,MIDDLE
22051.jpg,YOUNG
23062.jpg,MIDDLE
13877.jpg,OLD
14360.jpg,MIDDLE
17205.jpg,MIDDLE
16552.jpg,YOUNG
25515.jpg,MIDDLE
15066.jpg,MIDDLE
14405.jpg,YOUNG
11773.jpg,YOUNG
2788.jpg,YOUNG
25052.jpg,MIDDLE
8414.jpg,MIDDLE
19236.jpg,MIDDLE
6126.jpg,YOUNG
4240.jpg,MIDDLE
25335.jpg,MIDDLE
11182.jpg,YOUNG
3555.jpg,MIDDLE
10689.jpg,MIDDLE
17243.jpg,MIDDLE
19545.jpg,OLD
14738.jpg,OLD
3991.jpg,YOUNG
4997.jpg,YOUNG
20996.jpg,MIDDLE
10761.jpg,YOUNG
16231.jpg,YOUNG
7517.jpg,YOUNG
25239.jpg,YOUNG
7443.jpg,MIDDLE
21176.jpg,MIDDLE
18798.jpg,YOUNG
19738.jpg,YOUNG
25315.jpg,MIDDLE
18944.jpg,MIDDLE
19559.jpg,MIDDLE
3848.jpg,MIDDLE
22177.jpg,MIDDLE
9206.jpg,YOUNG
16186.jpg,OLD
16563.jpg,YOUNG
16358.jpg,YOUNG
10685.jpg,YOUNG
8230.jpg,MIDDLE
19425.jpg,MIDDLE
789.jpg,YOUNG
23646.jpg,MIDDLE
24328.jpg,MIDDLE
4298.jpg,YOUNG
3076.jpg,YOUNG
4012.jpg,MIDDLE
14065.jpg,OLD
11999.jpg,MIDDLE
6830.jpg,MIDDLE
9554.jpg,MIDDLE
4559.jpg,YOUNG
13703.jpg,OLD
5067.jpg,MIDDLE
23463.jpg,OLD
3569.jpg,MIDDLE
7791.jpg,MIDDLE
7573.jpg,OLD
5995.jpg,MIDDLE
18121.jpg,YOUNG
14268.jpg,YOUNG
25056.jpg,MIDDLE
17658.jpg,YOUNG
7726.jpg,OLD
22200.jpg,MIDDLE
7146.jpg,YOUNG
6807.jpg,MIDDLE
19798.jpg,YOUNG
11594.jpg,YOUNG
7026.jpg,MIDDLE
488.jpg,MIDDLE
15516.jpg,YOUNG
15326.jpg,MIDDLE
6902.jpg,MIDDLE
2341.jpg,YOUNG
21078.jpg,OLD
10858.jpg,YOUNG
18445.jpg,MIDDLE
25921.jpg,YOUNG
4048.jpg,YOUNG
22536.jpg,YOUNG
25863.jpg,MIDDLE
20749.jpg,MIDDLE
10114.jpg,YOUNG
3640.jpg,YOUNG
4656.jpg,OLD
6854.jpg,OLD
14194.jpg,YOUNG
25501.jpg,MIDDLE
15811.jpg,MIDDLE
2623.jpg,MIDDLE
13954.jpg,MIDDLE
7841.jpg,YOUNG
19109.jpg,YOUNG
21478.jpg,YOUNG
15988.jpg,YOUNG
19337.jpg,OLD
18262.jpg,MIDDLE
12582.jpg,MIDDLE
11338.jpg,MIDDLE
22328.jpg,MIDDLE
13693.jpg,MIDDLE
313.jpg,YOUNG
17648.jpg,YOUNG
19828.jpg,MIDDLE
20598.jpg,MIDDLE
10698.jpg,MIDDLE
14596.jpg,YOUNG
24957.jpg,MIDDLE
6469.jpg,MIDDLE
4528.jpg,MIDDLE
17506.jpg,YOUNG
22020.jpg,MIDDLE
12870.jpg,MIDDLE
11302.jpg,YOUNG
18884.jpg,MIDDLE
15087.jpg,MIDDLE
18145.jpg,MIDDLE
22737.jpg,OLD
3087.jpg,MIDDLE
20198.jpg,YOUNG
21048.jpg,MIDDLE
21805.jpg,YOUNG
14878.jpg,MIDDLE
1131.jpg,MIDDLE
1194.jpg,YOUNG
12785.jpg,YOUNG
25137.jpg,YOUNG
23399.jpg,MIDDLE
23726.jpg,YOUNG
11343.jpg,MIDDLE
23976.jpg,YOUNG
25394.jpg,MIDDLE
20761.jpg,OLD
19792.jpg,MIDDLE
2375.jpg,YOUNG
5665.jpg,OLD
832.jpg,MIDDLE
2498.jpg,OLD
19368.jpg,MIDDLE
5021.jpg,OLD
19914.jpg,OLD
18096.jpg,YOUNG
19754.jpg,MIDDLE
11679.jpg,YOUNG
4256.jpg,MIDDLE
17015.jpg,YOUNG
24670.jpg,YOUNG
545.jpg,MIDDLE
16091.jpg,MIDDLE
17688.jpg,MIDDLE
16667.jpg,MIDDLE
4645.jpg,MIDDLE
25018.jpg,YOUNG
21321.jpg,YOUNG
11231.jpg,MIDDLE
25554.jpg,YOUNG
14592.jpg,YOUNG
7809.jpg,MIDDLE
25274.jpg,MIDDLE
5116.jpg,OLD
17804.jpg,YOUNG
21231.jpg,YOUNG
21424.jpg,MIDDLE
11186.jpg,OLD
23898.jpg,YOUNG
5960.jpg,YOUNG
9694.jpg,MIDDLE
13563.jpg,YOUNG
25833.jpg,MIDDLE
11913.jpg,MIDDLE
18750.jpg,YOUNG
19856.jpg,YOUNG
21771.jpg,OLD
12166.jpg,YOUNG
6893.jpg,MIDDLE
7734.jpg,MIDDLE
7308.jpg,OLD
16187.jpg,YOUNG
8531.jpg,OLD
15029.jpg,YOUNG
7455.jpg,YOUNG
1290.jpg,MIDDLE
1525.jpg,MIDDLE
1123.jpg,MIDDLE
14071.jpg,YOUNG
14385.jpg,MIDDLE
15173.jpg,MIDDLE
4372.jpg,OLD
22936.jpg,OLD
11983.jpg,YOUNG
22326.jpg,YOUNG
22752.jpg,MIDDLE
25494.jpg,YOUNG
7153.jpg,MIDDLE
17165.jpg,YOUNG
15754.jpg,OLD
25246.jpg,MIDDLE
7635.jpg,YOUNG
12111.jpg,YOUNG
16096.jpg,YOUNG
4407.jpg,YOUNG
20093.jpg,YOUNG
5548.jpg,OLD
10052.jpg,MIDDLE
12724.jpg,MIDDLE
8082.jpg,YOUNG
12518.jpg,MIDDLE
15600.jpg,OLD
9993.jpg,MIDDLE
3727.jpg,MIDDLE
10391.jpg,MIDDLE
23731.jpg,YOUNG
15594.jpg,MIDDLE
14485.jpg,YOUNG
25279.jpg,YOUNG
8245.jpg,YOUNG
14560.jpg,MIDDLE
19330.jpg,MIDDLE
8568.jpg,MIDDLE
2114.jpg,MIDDLE
26317.jpg,MIDDLE
6689.jpg,YOUNG
10445.jpg,MIDDLE
12522.jpg,MIDDLE
19026.jpg,YOUNG
13009.jpg,YOUNG
10060.jpg,MIDDLE
13103.jpg,MIDDLE
12018.jpg,MIDDLE
12784.jpg,YOUNG
19573.jpg,MIDDLE
18173.jpg,MIDDLE
13505.jpg,YOUNG
15833.jpg,MIDDLE
13600.jpg,YOUNG
12340.jpg,YOUNG
15729.jpg,YOUNG
1618.jpg,MIDDLE
4730.jpg,MIDDLE
16061.jpg,MIDDLE
7350.jpg,YOUNG
16912.jpg,MIDDLE
20242.jpg,YOUNG
8236.jpg,YOUNG
2584.jpg,YOUNG
25460.jpg,YOUNG
1063.jpg,OLD
24687.jpg,OLD
22501.jpg,YOUNG
10987.jpg,MIDDLE
3560.jpg,YOUNG
13155.jpg,MIDDLE
16196.jpg,YOUNG
26382.jpg,MIDDLE
15588.jpg,OLD
1395.jpg,YOUNG
16257.jpg,YOUNG
10999.jpg,MIDDLE
17645.jpg,MIDDLE
23115.jpg,MIDDLE
11592.jpg,MIDDLE
9775.jpg,YOUNG
14321.jpg,YOUNG
7945.jpg,YOUNG
12654.jpg,MIDDLE
10466.jpg,MIDDLE
3726.jpg,YOUNG
16504.jpg,MIDDLE
22774.jpg,MIDDLE
12200.jpg,MIDDLE
3504.jpg,MIDDLE
2514.jpg,YOUNG
15628.jpg,YOUNG
17687.jpg,MIDDLE
15319.jpg,MIDDLE
18512.jpg,OLD
16423.jpg,YOUNG
16881.jpg,YOUNG
13091.jpg,YOUNG
12402.jpg,MIDDLE
10412.jpg,YOUNG
25101.jpg,MIDDLE
22365.jpg,MIDDLE
17112.jpg,MIDDLE
17564.jpg,YOUNG
6846.jpg,YOUNG
11407.jpg,MIDDLE
1476.jpg,MIDDLE
4468.jpg,YOUNG
23912.jpg,MIDDLE
15737.jpg,MIDDLE
8652.jpg,MIDDLE
13938.jpg,MIDDLE
4947.jpg,YOUNG
16266.jpg,YOUNG
19410.jpg,MIDDLE
11490.jpg,MIDDLE
17439.jpg,YOUNG
26478.jpg,YOUNG
5131.jpg,YOUNG
21023.jpg,MIDDLE
24219.jpg,MIDDLE
7939.jpg,MIDDLE
2430.jpg,MIDDLE
2075.jpg,MIDDLE
22556.jpg,YOUNG
10138.jpg,YOUNG
22904.jpg,MIDDLE
870.jpg,OLD
21411.jpg,YOUNG
16836.jpg,MIDDLE
17610.jpg,MIDDLE
17612.jpg,MIDDLE
12762.jpg,YOUNG
8045.jpg,YOUNG
23473.jpg,YOUNG
21870.jpg,YOUNG
23943.jpg,MIDDLE
13902.jpg,MIDDLE
24872.jpg,MIDDLE
21177.jpg,MIDDLE
18421.jpg,MIDDLE
11753.jpg,YOUNG
13624.jpg,YOUNG
16476.jpg,MIDDLE
26270.jpg,MIDDLE
12065.jpg,YOUNG
19867.jpg,YOUNG
307.jpg,YOUNG
9608.jpg,MIDDLE
6110.jpg,MIDDLE
7755.jpg,YOUNG
14293.jpg,YOUNG
23623.jpg,OLD
14851.jpg,OLD
26242.jpg,MIDDLE
9654.jpg,MIDDLE
3698.jpg,YOUNG
22323.jpg,YOUNG
15632.jpg,OLD
14257.jpg,YOUNG
17544.jpg,YOUNG
5500.jpg,MIDDLE
17106.jpg,MIDDLE
19528.jpg,MIDDLE
23261.jpg,YOUNG
13299.jpg,MIDDLE
3040.jpg,MIDDLE
8069.jpg,MIDDLE
11346.jpg,YOUNG
25484.jpg,MIDDLE
7554.jpg,YOUNG
17480.jpg,MIDDLE
15710.jpg,YOUNG
17119.jpg,MIDDLE
12357.jpg,MIDDLE
1652.jpg,YOUNG
24248.jpg,OLD
6497.jpg,YOUNG
18776.jpg,YOUNG
334.jpg,MIDDLE
7598.jpg,MIDDLE
5030.jpg,YOUNG
14244.jpg,MIDDLE
16173.jpg,OLD
26408.jpg,YOUNG
20740.jpg,YOUNG
1638.jpg,MIDDLE
15446.jpg,MIDDLE
6858.jpg,YOUNG
10044.jpg,MIDDLE
4473.jpg,MIDDLE
16079.jpg,MIDDLE
26111.jpg,MIDDLE
6202.jpg,OLD
15486.jpg,OLD
42.jpg,MIDDLE
8924.jpg,YOUNG
1886.jpg,MIDDLE
4941.jpg,MIDDLE
21258.jpg,MIDDLE
24540.jpg,OLD
6797.jpg,YOUNG
24295.jpg,YOUNG
2868.jpg,MIDDLE
20445.jpg,YOUNG
1729.jpg,MIDDLE
21752.jpg,MIDDLE
8605.jpg,OLD
15125.jpg,MIDDLE
17194.jpg,YOUNG
3419.jpg,MIDDLE
23612.jpg,YOUNG
23574.jpg,MIDDLE
17212.jpg,MIDDLE
17534.jpg,YOUNG
16332.jpg,MIDDLE
12554.jpg,MIDDLE
4101.jpg,YOUNG
19567.jpg,MIDDLE
21151.jpg,OLD
11004.jpg,MIDDLE
23876.jpg,YOUNG
19278.jpg,MIDDLE
25117.jpg,MIDDLE
25770.jpg,YOUNG
13198.jpg,MIDDLE
14260.jpg,MIDDLE
13348.jpg,MIDDLE
6089.jpg,YOUNG
13243.jpg,MIDDLE
22910.jpg,YOUNG
13218.jpg,MIDDLE
11743.jpg,MIDDLE
3122.jpg,YOUNG
6257.jpg,MIDDLE
2907.jpg,YOUNG
13555.jpg,MIDDLE
25984.jpg,MIDDLE
21893.jpg,MIDDLE
12316.jpg,YOUNG
9445.jpg,YOUNG
12356.jpg,YOUNG
3471.jpg,MIDDLE
12702.jpg,MIDDLE
13684.jpg,MIDDLE
16704.jpg,MIDDLE
24640.jpg,YOUNG
1689.jpg,MIDDLE
10630.jpg,MIDDLE
24998.jpg,YOUNG
13570.jpg,YOUNG
17456.jpg,YOUNG
11814.jpg,OLD
9710.jpg,MIDDLE
2515.jpg,MIDDLE
13771.jpg,YOUNG
932.jpg,MIDDLE
14727.jpg,YOUNG
4908.jpg,MIDDLE
212.jpg,YOUNG
8547.jpg,YOUNG
24394.jpg,MIDDLE
16592.jpg,YOUNG
20025.jpg,YOUNG
3607.jpg,YOUNG
25483.jpg,MIDDLE
22117.jpg,YOUNG
16070.jpg,OLD
9270.jpg,YOUNG
22259.jpg,MIDDLE
8181.jpg,YOUNG
11610.jpg,MIDDLE
10730.jpg,MIDDLE
7613.jpg,YOUNG
14460.jpg,YOUNG
9821.jpg,YOUNG
17203.jpg,MIDDLE
7112.jpg,OLD
26425.jpg,YOUNG
11680.jpg,OLD
15483.jpg,MIDDLE
17916.jpg,MIDDLE
11281.jpg,OLD
25080.jpg,OLD
20719.jpg,MIDDLE
7302.jpg,MIDDLE
13619.jpg,OLD
2729.jpg,MIDDLE
17867.jpg,MIDDLE
1610.jpg,MIDDLE
23153.jpg,MIDDLE
7920.jpg,MIDDLE
10406.jpg,MIDDLE
20033.jpg,YOUNG
3032.jpg,MIDDLE
23642.jpg,MIDDLE
16761.jpg,MIDDLE
26220.jpg,OLD
6918.jpg,MIDDLE
6152.jpg,MIDDLE
15980.jpg,YOUNG
2609.jpg,OLD
25703.jpg,YOUNG
23887.jpg,MIDDLE
21643.jpg,YOUNG
24879.jpg,MIDDLE
18291.jpg,YOUNG
18391.jpg,YOUNG
9553.jpg,MIDDLE
21342.jpg,YOUNG
10871.jpg,MIDDLE
12872.jpg,OLD
8657.jpg,MIDDLE
18838.jpg,YOUNG
16311.jpg,MIDDLE
2758.jpg,YOUNG
24496.jpg,YOUNG
22653.jpg,MIDDLE
13787.jpg,YOUNG
16509.jpg,YOUNG
8472.jpg,MIDDLE
15845.jpg,YOUNG
14671.jpg,YOUNG
23905.jpg,YOUNG
17385.jpg,YOUNG
26369.jpg,OLD
22763.jpg,OLD
15121.jpg,YOUNG
7403.jpg,MIDDLE
20446.jpg,YOUNG
482.jpg,YOUNG
6308.jpg,MIDDLE
5096.jpg,YOUNG
26511.jpg,MIDDLE
6429.jpg,OLD
16422.jpg,YOUNG
4761.jpg,YOUNG
9082.jpg,MIDDLE
19943.jpg,YOUNG
6444.jpg,MIDDLE
1410.jpg,MIDDLE
7745.jpg,YOUNG
21369.jpg,YOUNG
20314.jpg,OLD
15407.jpg,YOUNG
431.jpg,MIDDLE
1084.jpg,YOUNG
24639.jpg,YOUNG
8409.jpg,MIDDLE
3417.jpg,MIDDLE
928.jpg,YOUNG
6967.jpg,YOUNG
15716.jpg,OLD
5678.jpg,MIDDLE
22768.jpg,OLD
2170.jpg,MIDDLE
22740.jpg,MIDDLE
6125.jpg,YOUNG
24172.jpg,YOUNG
11723.jpg,YOUNG
13888.jpg,MIDDLE
3938.jpg,MIDDLE
4991.jpg,MIDDLE
15560.jpg,YOUNG
26124.jpg,MIDDLE
13272.jpg,MIDDLE
1754.jpg,MIDDLE
2245.jpg,MIDDLE
17575.jpg,MIDDLE
15814.jpg,MIDDLE
4312.jpg,YOUNG
9564.jpg,MIDDLE
16588.jpg,YOUNG
12243.jpg,MIDDLE
7722.jpg,MIDDLE
3123.jpg,MIDDLE
21247.jpg,MIDDLE
19937.jpg,OLD
24520.jpg,MIDDLE
16927.jpg,YOUNG
10557.jpg,YOUNG
5323.jpg,YOUNG
13231.jpg,MIDDLE
24701.jpg,MIDDLE
4763.jpg,MIDDLE
6792.jpg,YOUNG
16993.jpg,MIDDLE
14895.jpg,MIDDLE
14690.jpg,YOUNG
26336.jpg,MIDDLE
24818.jpg,YOUNG
14436.jpg,YOUNG
20461.jpg,YOUNG
9267.jpg,MIDDLE
23862.jpg,OLD
22985.jpg,MIDDLE
24235.jpg,MIDDLE
5235.jpg,YOUNG
18350.jpg,OLD
9829.jpg,MIDDLE
21293.jpg,MIDDLE
11405.jpg,MIDDLE
21719.jpg,MIDDLE
22061.jpg,MIDDLE
16789.jpg,YOUNG
15349.jpg,MIDDLE
309.jpg,YOUNG
13438.jpg,MIDDLE
8095.jpg,YOUNG
22234.jpg,MIDDLE
13407.jpg,YOUNG
3428.jpg,MIDDLE
8587.jpg,MIDDLE
23564.jpg,MIDDLE
22039.jpg,MIDDLE
2335.jpg,MIDDLE
13511.jpg,MIDDLE
26402.jpg,OLD
15929.jpg,MIDDLE
3973.jpg,MIDDLE
3212.jpg,MIDDLE
23787.jpg,OLD
25641.jpg,YOUNG
26456.jpg,OLD
22581.jpg,YOUNG
7091.jpg,MIDDLE
16015.jpg,OLD
21043.jpg,YOUNG
6574.jpg,OLD
5003.jpg,YOUNG
490.jpg,YOUNG
19147.jpg,YOUNG
14412.jpg,YOUNG
17080.jpg,MIDDLE
14530.jpg,MIDDLE
11533.jpg,MIDDLE
19099.jpg,YOUNG
10658.jpg,MIDDLE
9068.jpg,YOUNG
24796.jpg,YOUNG
9088.jpg,MIDDLE
22453.jpg,YOUNG
1387.jpg,MIDDLE
7085.jpg,YOUNG
24036.jpg,YOUNG
24604.jpg,YOUNG
10735.jpg,MIDDLE
23447.jpg,YOUNG
11775.jpg,YOUNG
17714.jpg,MIDDLE
7247.jpg,YOUNG
3091.jpg,MIDDLE
8997.jpg,MIDDLE
7338.jpg,YOUNG
11993.jpg,YOUNG
25736.jpg,MIDDLE
18830.jpg,YOUNG
20395.jpg,OLD
9323.jpg,MIDDLE
3736.jpg,YOUNG
18793.jpg,MIDDLE
21883.jpg,YOUNG
22809.jpg,YOUNG
26481.jpg,YOUNG
15604.jpg,MIDDLE
12543.jpg,MIDDLE
14184.jpg,YOUNG
9520.jpg,MIDDLE
18004.jpg,YOUNG
19711.jpg,MIDDLE
14215.jpg,YOUNG
19360.jpg,MIDDLE
22863.jpg,MIDDLE
668.jpg,YOUNG
2082.jpg,MIDDLE
2401.jpg,OLD
17499.jpg,OLD
10944.jpg,MIDDLE
16009.jpg,YOUNG
23572.jpg,YOUNG
2376.jpg,YOUNG
15391.jpg,YOUNG
2155.jpg,MIDDLE
15501.jpg,YOUNG
15849.jpg,YOUNG
20342.jpg,YOUNG
1777.jpg,MIDDLE
3677.jpg,MIDDLE
2589.jpg,MIDDLE
24385.jpg,MIDDLE
7040.jpg,YOUNG
9816.jpg,MIDDLE
22321.jpg,YOUNG
17668.jpg,YOUNG
5261.jpg,MIDDLE
6820.jpg,YOUNG
3320.jpg,MIDDLE
8704.jpg,MIDDLE
8816.jpg,YOUNG
21740.jpg,YOUNG
13029.jpg,YOUNG
17349.jpg,MIDDLE
7764.jpg,YOUNG
8070.jpg,OLD
11792.jpg,MIDDLE
529.jpg,YOUNG
8883.jpg,MIDDLE
11425.jpg,OLD
8366.jpg,YOUNG
11565.jpg,MIDDLE
12100.jpg,YOUNG
24705.jpg,MIDDLE
26267.jpg,MIDDLE
18761.jpg,OLD
22800.jpg,MIDDLE
25278.jpg,MIDDLE
14337.jpg,MIDDLE
22713.jpg,YOUNG
18529.jpg,MIDDLE
24918.jpg,YOUNG
10587.jpg,YOUNG
6933.jpg,YOUNG
9120.jpg,YOUNG
24190.jpg,YOUNG
25933.jpg,YOUNG
4467.jpg,MIDDLE
11979.jpg,YOUNG
6164.jpg,MIDDLE
3171.jpg,MIDDLE
10115.jpg,OLD
9488.jpg,MIDDLE
10113.jpg,MIDDLE
4090.jpg,OLD
2779.jpg,MIDDLE
11893.jpg,OLD
17043.jpg,MIDDLE
7180.jpg,OLD
8544.jpg,OLD
6344.jpg,MIDDLE
6276.jpg,YOUNG
21494.jpg,MIDDLE
22753.jpg,YOUNG
2147.jpg,MIDDLE
24583.jpg,OLD
5889.jpg,MIDDLE
17409.jpg,YOUNG
19297.jpg,YOUNG
21319.jpg,MIDDLE
1001.jpg,MIDDLE
25429.jpg,MIDDLE
1658.jpg,MIDDLE
17523.jpg,MIDDLE
3981.jpg,MIDDLE
2450.jpg,YOUNG
24698.jpg,YOUNG
6648.jpg,YOUNG
20425.jpg,MIDDLE
21851.jpg,MIDDLE
17626.jpg,YOUNG
20261.jpg,MIDDLE
13030.jpg,YOUNG
13293.jpg,MIDDLE
11464.jpg,OLD
25824.jpg,MIDDLE
25725.jpg,MIDDLE
23996.jpg,YOUNG
2998.jpg,YOUNG
18138.jpg,MIDDLE
17007.jpg,YOUNG
8483.jpg,YOUNG
2289.jpg,YOUNG
10524.jpg,YOUNG
1133.jpg,YOUNG
8167.jpg,MIDDLE
11203.jpg,MIDDLE
3175.jpg,YOUNG
15676.jpg,OLD
20434.jpg,MIDDLE
16128.jpg,YOUNG
5402.jpg,OLD
24294.jpg,MIDDLE
8306.jpg,MIDDLE
410.jpg,YOUNG
6701.jpg,OLD
23925.jpg,MIDDLE
324.jpg,YOUNG
24988.jpg,MIDDLE
17402.jpg,MIDDLE
7390.jpg,YOUNG
17451.jpg,YOUNG
11446.jpg,OLD
26205.jpg,MIDDLE
8207.jpg,OLD
11117.jpg,MIDDLE
13958.jpg,YOUNG
1989.jpg,YOUNG
2247.jpg,MIDDLE
15303.jpg,OLD
20892.jpg,YOUNG
23311.jpg,MIDDLE
19306.jpg,MIDDLE
9285.jpg,YOUNG
11865.jpg,YOUNG
22338.jpg,MIDDLE
53.jpg,YOUNG
5365.jpg,YOUNG
21184.jpg,OLD
26420.jpg,YOUNG
14699.jpg,YOUNG
4749.jpg,MIDDLE
20846.jpg,MIDDLE
5560.jpg,YOUNG
4795.jpg,YOUNG
22475.jpg,YOUNG
12372.jpg,YOUNG
11341.jpg,MIDDLE
1744.jpg,MIDDLE
20685.jpg,MIDDLE
21282.jpg,YOUNG
11260.jpg,MIDDLE
3921.jpg,OLD
23878.jpg,YOUNG
11722.jpg,OLD
972.jpg,MIDDLE
18747.jpg,YOUNG
6098.jpg,MIDDLE
6168.jpg,MIDDLE
12910.jpg,YOUNG
20646.jpg,OLD
8259.jpg,YOUNG
9618.jpg,MIDDLE
5468.jpg,YOUNG
3150.jpg,MIDDLE
19079.jpg,YOUNG
19458.jpg,YOUNG
6080.jpg,MIDDLE
3958.jpg,OLD
6001.jpg,YOUNG
9339.jpg,YOUNG
20055.jpg,OLD
5826.jpg,MIDDLE
2273.jpg,MIDDLE
23475.jpg,MIDDLE
7909.jpg,YOUNG
23774.jpg,YOUNG
14718.jpg,YOUNG
25306.jpg,YOUNG
21205.jpg,MIDDLE
3144.jpg,YOUNG
18030.jpg,MIDDLE
13353.jpg,MIDDLE
24846.jpg,YOUNG
7029.jpg,MIDDLE
463.jpg,MIDDLE
19922.jpg,YOUNG
16528.jpg,YOUNG
11650.jpg,YOUNG
11579.jpg,MIDDLE
6697.jpg,MIDDLE
1818.jpg,YOUNG
12382.jpg,MIDDLE
8454.jpg,YOUNG
230.jpg,YOUNG
6517.jpg,YOUNG
2427.jpg,OLD
25756.jpg,YOUNG
23591.jpg,MIDDLE
20451.jpg,MIDDLE
22668.jpg,MIDDLE
3223.jpg,MIDDLE
22543.jpg,MIDDLE
13152.jpg,YOUNG
18967.jpg,MIDDLE
21793.jpg,MIDDLE
23252.jpg,YOUNG
2467.jpg,OLD
26210.jpg,YOUNG
3006.jpg,MIDDLE
17737.jpg,MIDDLE
4135.jpg,MIDDLE
17061.jpg,MIDDLE
6427.jpg,MIDDLE
13815.jpg,MIDDLE
17324.jpg,OLD
13410.jpg,MIDDLE
20142.jpg,MIDDLE
12391.jpg,YOUNG
17252.jpg,YOUNG
12496.jpg,MIDDLE
22458.jpg,YOUNG
4224.jpg,OLD
6656.jpg,MIDDLE
3157.jpg,MIDDLE
25843.jpg,YOUNG
11374.jpg,MIDDLE
20526.jpg,YOUNG
20378.jpg,MIDDLE
14645.jpg,YOUNG
8291.jpg,MIDDLE
17234.jpg,OLD
5583.jpg,YOUNG
9800.jpg,MIDDLE
11804.jpg,MIDDLE
14452.jpg,YOUNG
25343.jpg,YOUNG
9337.jpg,MIDDLE
845.jpg,MIDDLE
5890.jpg,MIDDLE
8438.jpg,YOUNG
14031.jpg,OLD
14117.jpg,MIDDLE
17516.jpg,MIDDLE
3812.jpg,MIDDLE
1246.jpg,MIDDLE
14977.jpg,MIDDLE
21065.jpg,MIDDLE
18104.jpg,YOUNG
10358.jpg,OLD
7995.jpg,OLD
11626.jpg,OLD
8302.jpg,OLD
21083.jpg,YOUNG
22267.jpg,MIDDLE
12292.jpg,YOUNG
15154.jpg,OLD
15584.jpg,MIDDLE
2328.jpg,YOUNG
16543.jpg,OLD
15673.jpg,MIDDLE
1275.jpg,MIDDLE
22021.jpg,YOUNG
21758.jpg,YOUNG
14827.jpg,OLD
8381.jpg,MIDDLE
17999.jpg,YOUNG
17438.jpg,YOUNG
10920.jpg,MIDDLE
21330.jpg,YOUNG
18298.jpg,MIDDLE
19901.jpg,YOUNG
8013.jpg,YOUNG
6836.jpg,YOUNG
10952.jpg,YOUNG
2655.jpg,OLD
13874.jpg,YOUNG
5703.jpg,YOUNG
3898.jpg,YOUNG
26007.jpg,YOUNG
20238.jpg,YOUNG
10656.jpg,MIDDLE
20755.jpg,YOUNG
6514.jpg,YOUNG
511.jpg,YOUNG
8188.jpg,YOUNG
1756.jpg,YOUNG
24601.jpg,MIDDLE
1466.jpg,MIDDLE
25662.jpg,MIDDLE
9960.jpg,YOUNG
15239.jpg,MIDDLE
15359.jpg,YOUNG
21420.jpg,YOUNG
8590.jpg,MIDDLE
11745.jpg,MIDDLE
16500.jpg,MIDDLE
21385.jpg,YOUNG
14458.jpg,OLD
1124.jpg,MIDDLE
5781.jpg,YOUNG
26138.jpg,YOUNG
6908.jpg,OLD
13105.jpg,MIDDLE
21891.jpg,MIDDLE
16855.jpg,MIDDLE
21384.jpg,MIDDLE
25235.jpg,YOUNG
24878.jpg,YOUNG
10242.jpg,MIDDLE
3828.jpg,MIDDLE
11627.jpg,MIDDLE
19313.jpg,MIDDLE
5713.jpg,MIDDLE
21950.jpg,MIDDLE
11833.jpg,MIDDLE
14534.jpg,MIDDLE
18526.jpg,YOUNG
12459.jpg,OLD
19438.jpg,YOUNG
12833.jpg,YOUNG
1912.jpg,MIDDLE
5938.jpg,YOUNG
14607.jpg,OLD
5730.jpg,OLD
22741.jpg,MIDDLE
6931.jpg,YOUNG
9347.jpg,YOUNG
3767.jpg,YOUNG
3366.jpg,OLD
25526.jpg,MIDDLE
17034.jpg,MIDDLE
4996.jpg,MIDDLE
21786.jpg,YOUNG
22772.jpg,YOUNG
13673.jpg,YOUNG
9215.jpg,MIDDLE
7885.jpg,MIDDLE
4617.jpg,YOUNG
11331.jpg,MIDDLE
16833.jpg,MIDDLE
9567.jpg,MIDDLE
73.jpg,OLD
910.jpg,YOUNG
713.jpg,MIDDLE
21934.jpg,MIDDLE
13553.jpg,YOUNG
1918.jpg,YOUNG
21527.jpg,YOUNG
827.jpg,MIDDLE
9029.jpg,YOUNG
2394.jpg,YOUNG
26508.jpg,MIDDLE
22608.jpg,MIDDLE
25555.jpg,MIDDLE
16103.jpg,MIDDLE
4505.jpg,MIDDLE
24507.jpg,YOUNG
5326.jpg,YOUNG
25346.jpg,MIDDLE
23751.jpg,MIDDLE
22602.jpg,OLD
12289.jpg,MIDDLE
13968.jpg,MIDDLE
1953.jpg,MIDDLE
7993.jpg,YOUNG
22615.jpg,MIDDLE
22600.jpg,YOUNG
5455.jpg,YOUNG
1653.jpg,YOUNG
23172.jpg,YOUNG
18194.jpg,YOUNG
13945.jpg,MIDDLE
24298.jpg,MIDDLE
13377.jpg,MIDDLE
966.jpg,MIDDLE
25548.jpg,YOUNG
4409.jpg,YOUNG
19650.jpg,MIDDLE
15944.jpg,MIDDLE
9621.jpg,YOUNG
4806.jpg,YOUNG
1798.jpg,MIDDLE
5497.jpg,YOUNG
14465.jpg,MIDDLE
9316.jpg,YOUNG
26049.jpg,MIDDLE
15975.jpg,MIDDLE
12905.jpg,MIDDLE
8105.jpg,YOUNG
14483.jpg,OLD
20370.jpg,YOUNG
6604.jpg,YOUNG
11403.jpg,MIDDLE
21813.jpg,OLD
24668.jpg,YOUNG
13109.jpg,MIDDLE
22719.jpg,OLD
9118.jpg,MIDDLE
6205.jpg,OLD
7875.jpg,OLD
13101.jpg,YOUNG
16876.jpg,MIDDLE
9794.jpg,YOUNG
22505.jpg,YOUNG
18683.jpg,MIDDLE
6625.jpg,MIDDLE
24931.jpg,YOUNG
14276.jpg,MIDDLE
18921.jpg,YOUNG
4756.jpg,MIDDLE
17274.jpg,OLD
13436.jpg,YOUNG
10590.jpg,MIDDLE
6305.jpg,YOUNG
11129.jpg,YOUNG
19071.jpg,MIDDLE
21918.jpg,YOUNG
6470.jpg,YOUNG
16185.jpg,YOUNG
5015.jpg,MIDDLE
23530.jpg,OLD
15368.jpg,YOUNG
15743.jpg,YOUNG
20303.jpg,MIDDLE
14094.jpg,YOUNG
16616.jpg,MIDDLE
3430.jpg,MIDDLE
9105.jpg,YOUNG
15425.jpg,MIDDLE
9169.jpg,MIDDLE
6338.jpg,YOUNG
22588.jpg,YOUNG
12013.jpg,YOUNG
9263.jpg,OLD
1895.jpg,YOUNG
1923.jpg,MIDDLE
17019.jpg,MIDDLE
16508.jpg,MIDDLE
22107.jpg,YOUNG
12165.jpg,OLD
7929.jpg,MIDDLE
11573.jpg,YOUNG
9180.jpg,YOUNG
20351.jpg,MIDDLE
899.jpg,MIDDLE
8642.jpg,MIDDLE
18459.jpg,YOUNG
18656.jpg,YOUNG
22601.jpg,YOUNG
7191.jpg,MIDDLE
16133.jpg,MIDDLE
13921.jpg,YOUNG
19155.jpg,OLD
6594.jpg,OLD
19123.jpg,MIDDLE
10739.jpg,MIDDLE
25065.jpg,OLD
21324.jpg,YOUNG
25910.jpg,YOUNG
14045.jpg,MIDDLE
2508.jpg,MIDDLE
14369.jpg,YOUNG
4523.jpg,MIDDLE
24259.jpg,YOUNG
24215.jpg,YOUNG
26031.jpg,YOUNG
10499.jpg,YOUNG
16510.jpg,MIDDLE
20326.jpg,MIDDLE
3339.jpg,MIDDLE
3111.jpg,YOUNG
26538.jpg,MIDDLE
21033.jpg,YOUNG
5822.jpg,MIDDLE
487.jpg,YOUNG
19701.jpg,YOUNG
19379.jpg,MIDDLE
13739.jpg,MIDDLE
17830.jpg,YOUNG
15589.jpg,MIDDLE
23080.jpg,MIDDLE
18453.jpg,YOUNG
5796.jpg,MIDDLE
23856.jpg,MIDDLE
19673.jpg,MIDDLE
21474.jpg,MIDDLE
11607.jpg,MIDDLE
8815.jpg,MIDDLE
13838.jpg,MIDDLE
17060.jpg,YOUNG
7694.jpg,OLD
14701.jpg,MIDDLE
9253.jpg,YOUNG
4192.jpg,MIDDLE
15010.jpg,MIDDLE
26033.jpg,MIDDLE
6389.jpg,YOUNG
18524.jpg,MIDDLE
13596.jpg,OLD
23972.jpg,MIDDLE
15649.jpg,YOUNG
18218.jpg,YOUNG
13266.jpg,MIDDLE
7610.jpg,MIDDLE
21850.jpg,OLD
11160.jpg,YOUNG
8041.jpg,MIDDLE
24924.jpg,YOUNG
19258.jpg,MIDDLE
8252.jpg,YOUNG
15753.jpg,OLD
20906.jpg,MIDDLE
396.jpg,MIDDLE
7612.jpg,YOUNG
17423.jpg,MIDDLE
18840.jpg,MIDDLE
21967.jpg,MIDDLE
2933.jpg,OLD
12389.jpg,OLD
24611.jpg,MIDDLE
24413.jpg,YOUNG
2246.jpg,YOUNG
7852.jpg,MIDDLE
19192.jpg,YOUNG
15350.jpg,YOUNG
17852.jpg,YOUNG
13778.jpg,OLD
25177.jpg,MIDDLE
17226.jpg,YOUNG
4514.jpg,YOUNG
25272.jpg,MIDDLE
20958.jpg,MIDDLE
22138.jpg,YOUNG
15416.jpg,MIDDLE
19589.jpg,YOUNG
6239.jpg,YOUNG
749.jpg,YOUNG
12844.jpg,OLD
4043.jpg,MIDDLE
22284.jpg,YOUNG
7789.jpg,YOUNG
23758.jpg,OLD
1877.jpg,YOUNG
10033.jpg,YOUNG
25795.jpg,MIDDLE
14579.jpg,MIDDLE
11538.jpg,YOUNG
13819.jpg,YOUNG
7077.jpg,MIDDLE
3650.jpg,YOUNG
6755.jpg,MIDDLE
14752.jpg,MIDDLE
4845.jpg,YOUNG
26040.jpg,YOUNG
12284.jpg,MIDDLE
14767.jpg,YOUNG
9401.jpg,MIDDLE
1052.jpg,MIDDLE
20659.jpg,YOUNG
11431.jpg,MIDDLE
3665.jpg,YOUNG
8722.jpg,MIDDLE
3614.jpg,YOUNG
11606.jpg,YOUNG
4985.jpg,OLD
23578.jpg,YOUNG
22417.jpg,YOUNG
18292.jpg,MIDDLE
11188.jpg,MIDDLE
12932.jpg,YOUNG
25805.jpg,MIDDLE
22965.jpg,YOUNG
18215.jpg,MIDDLE
2.jpg,MIDDLE
14474.jpg,MIDDLE
20564.jpg,MIDDLE
23979.jpg,MIDDLE
12430.jpg,MIDDLE
17160.jpg,MIDDLE
11091.jpg,YOUNG
7440.jpg,YOUNG
22914.jpg,OLD
22858.jpg,MIDDLE
23429.jpg,YOUNG
15778.jpg,MIDDLE
9114.jpg,YOUNG
3418.jpg,MIDDLE
21720.jpg,YOUNG
4587.jpg,MIDDLE
21075.jpg,MIDDLE
9741.jpg,OLD
9097.jpg,YOUNG
15613.jpg,YOUNG
5457.jpg,OLD
25134.jpg,YOUNG
22215.jpg,MIDDLE
16681.jpg,MIDDLE
6063.jpg,YOUNG
22949.jpg,MIDDLE
1720.jpg,MIDDLE
16166.jpg,MIDDLE
10606.jpg,OLD
24082.jpg,YOUNG
6966.jpg,YOUNG
11508.jpg,YOUNG
12858.jpg,MIDDLE
7688.jpg,YOUNG
19066.jpg,MIDDLE
14569.jpg,MIDDLE
12399.jpg,YOUNG
25450.jpg,MIDDLE
14437.jpg,YOUNG
21888.jpg,MIDDLE
12845.jpg,MIDDLE
4621.jpg,YOUNG
19752.jpg,YOUNG
10534.jpg,YOUNG
22761.jpg,OLD
23142.jpg,YOUNG
18151.jpg,YOUNG
19024.jpg,MIDDLE
17406.jpg,MIDDLE
15170.jpg,OLD
15317.jpg,MIDDLE
23945.jpg,MIDDLE
25847.jpg,MIDDLE
1862.jpg,YOUNG
1503.jpg,OLD
19062.jpg,YOUNG
12647.jpg,MIDDLE
9569.jpg,YOUNG
4796.jpg,MIDDLE
840.jpg,YOUNG
9880.jpg,MIDDLE
15485.jpg,OLD
20665.jpg,MIDDLE
20136.jpg,MIDDLE
9479.jpg,YOUNG
17452.jpg,YOUNG
10870.jpg,MIDDLE
21180.jpg,YOUNG
6930.jpg,OLD
1603.jpg,MIDDLE
8314.jpg,MIDDLE
8085.jpg,MIDDLE
6050.jpg,MIDDLE
15500.jpg,YOUNG
13192.jpg,MIDDLE
6590.jpg,MIDDLE
25550.jpg,MIDDLE
2129.jpg,YOUNG
2032.jpg,YOUNG
1789.jpg,YOUNG
12407.jpg,MIDDLE
8654.jpg,YOUNG
18714.jpg,MIDDLE
13424.jpg,YOUNG
3046.jpg,MIDDLE
16381.jpg,MIDDLE
16470.jpg,MIDDLE
15808.jpg,MIDDLE
16251.jpg,YOUNG
12245.jpg,OLD
25715.jpg,MIDDLE
1930.jpg,OLD
722.jpg,MIDDLE
13145.jpg,MIDDLE
2952.jpg,OLD
19996.jpg,MIDDLE
9878.jpg,MIDDLE
11394.jpg,YOUNG
14163.jpg,OLD
4456.jpg,YOUNG
23188.jpg,YOUNG
24822.jpg,MIDDLE
21798.jpg,OLD
15064.jpg,MIDDLE
15635.jpg,YOUNG
633.jpg,MIDDLE
18994.jpg,YOUNG
8180.jpg,MIDDLE
17935.jpg,MIDDLE
22131.jpg,YOUNG
7901.jpg,OLD
18066.jpg,OLD
20837.jpg,YOUNG
13671.jpg,YOUNG
16691.jpg,MIDDLE
3890.jpg,YOUNG
4050.jpg,YOUNG
8121.jpg,MIDDLE
10155.jpg,MIDDLE
20316.jpg,MIDDLE
12079.jpg,MIDDLE
25540.jpg,MIDDLE
15504.jpg,YOUNG
18531.jpg,MIDDLE
14392.jpg,OLD
9638.jpg,YOUNG
12614.jpg,YOUNG
6717.jpg,MIDDLE
17570.jpg,MIDDLE
13690.jpg,OLD
4210.jpg,OLD
17200.jpg,OLD
11324.jpg,YOUNG
22127.jpg,YOUNG
19418.jpg,YOUNG
901.jpg,OLD
12489.jpg,OLD
2749.jpg,MIDDLE
2365.jpg,MIDDLE
11093.jpg,OLD
3135.jpg,YOUNG
21355.jpg,OLD
12889.jpg,YOUNG
18435.jpg,YOUNG
7108.jpg,YOUNG
3001.jpg,YOUNG
8311.jpg,MIDDLE
7158.jpg,YOUNG
21223.jpg,MIDDLE
7417.jpg,YOUNG
24023.jpg,MIDDLE
13917.jpg,YOUNG
19868.jpg,MIDDLE
20519.jpg,OLD
9636.jpg,YOUNG
26194.jpg,YOUNG
1244.jpg,MIDDLE
11926.jpg,MIDDLE
14999.jpg,YOUNG
3674.jpg,MIDDLE
9681.jpg,YOUNG
9274.jpg,MIDDLE
22474.jpg,MIDDLE
2356.jpg,OLD
17912.jpg,YOUNG
177.jpg,YOUNG
9179.jpg,YOUNG
6504.jpg,OLD
10985.jpg,MIDDLE
7067.jpg,MIDDLE
21905.jpg,OLD
10322.jpg,MIDDLE
10404.jpg,YOUNG
1019.jpg,MIDDLE
13610.jpg,YOUNG
24858.jpg,MIDDLE
20259.jpg,YOUNG
10728.jpg,YOUNG
14953.jpg,YOUNG
19907.jpg,MIDDLE
15502.jpg,MIDDLE
12042.jpg,OLD
13005.jpg,YOUNG
11892.jpg,MIDDLE
18773.jpg,YOUNG
23796.jpg,MIDDLE
6770.jpg,MIDDLE
12285.jpg,YOUNG
1231.jpg,MIDDLE
8521.jpg,YOUNG
500.jpg,YOUNG
3777.jpg,MIDDLE
187.jpg,OLD
20995.jpg,MIDDLE
20540.jpg,MIDDLE
8637.jpg,OLD
1233.jpg,MIDDLE
8132.jpg,OLD
24402.jpg,MIDDLE
1817.jpg,MIDDLE
23184.jpg,MIDDLE
23196.jpg,YOUNG
13543.jpg,YOUNG
15634.jpg,YOUNG
8609.jpg,YOUNG
1838.jpg,MIDDLE
20750.jpg,MIDDLE
15117.jpg,MIDDLE
6302.jpg,MIDDLE
13586.jpg,MIDDLE
7075.jpg,MIDDLE
7794.jpg,YOUNG
4313.jpg,MIDDLE
11818.jpg,MIDDLE
22999.jpg,YOUNG
7170.jpg,YOUNG
1172.jpg,OLD
8920.jpg,MIDDLE
16046.jpg,MIDDLE
21878.jpg,YOUNG
4512.jpg,YOUNG
5473.jpg,MIDDLE
20185.jpg,YOUNG
19723.jpg,MIDDLE
6067.jpg,MIDDLE
2271.jpg,MIDDLE
3721.jpg,MIDDLE
6617.jpg,MIDDLE
18729.jpg,MIDDLE
1471.jpg,OLD
290.jpg,MIDDLE
16055.jpg,YOUNG
14078.jpg,MIDDLE
18402.jpg,MIDDLE
26464.jpg,YOUNG
26419.jpg,YOUNG
26476.jpg,YOUNG
14591.jpg,OLD
5812.jpg,OLD
12269.jpg,MIDDLE
23334.jpg,YOUNG
8499.jpg,YOUNG
25352.jpg,YOUNG
3846.jpg,YOUNG
5353.jpg,MIDDLE
11479.jpg,OLD
16322.jpg,MIDDLE
23006.jpg,YOUNG
16095.jpg,MIDDLE
19359.jpg,MIDDLE
8976.jpg,OLD
12160.jpg,YOUNG
10620.jpg,MIDDLE
7827.jpg,YOUNG
10265.jpg,YOUNG
5164.jpg,MIDDLE
3169.jpg,YOUNG
16279.jpg,MIDDLE
9283.jpg,YOUNG
5010.jpg,MIDDLE
17548.jpg,MIDDLE
4035.jpg,YOUNG
22352.jpg,MIDDLE
11977.jpg,MIDDLE
13700.jpg,OLD
14730.jpg,OLD
24092.jpg,YOUNG
20501.jpg,YOUNG
26017.jpg,OLD
24115.jpg,YOUNG
24923.jpg,YOUNG
20063.jpg,YOUNG
13117.jpg,YOUNG
3608.jpg,OLD
1678.jpg,YOUNG
15148.jpg,YOUNG
11575.jpg,MIDDLE
7360.jpg,MIDDLE
10571.jpg,YOUNG
15867.jpg,MIDDLE
20865.jpg,MIDDLE
10094.jpg,YOUNG
4413.jpg,OLD
7220.jpg,YOUNG
23645.jpg,YOUNG
13010.jpg,YOUNG
22130.jpg,MIDDLE
13390.jpg,YOUNG
19760.jpg,MIDDLE
26510.jpg,MIDDLE
1028.jpg,YOUNG
16369.jpg,OLD
20986.jpg,MIDDLE
11181.jpg,YOUNG
13317.jpg,MIDDLE
322.jpg,MIDDLE
11028.jpg,YOUNG
21687.jpg,MIDDLE
19308.jpg,YOUNG
2744.jpg,MIDDLE
11822.jpg,OLD
18424.jpg,YOUNG
3800.jpg,MIDDLE
12548.jpg,MIDDLE
4583.jpg,YOUNG
3020.jpg,MIDDLE
26518.jpg,YOUNG
13661.jpg,YOUNG
4472.jpg,YOUNG
7204.jpg,YOUNG
10648.jpg,MIDDLE
9795.jpg,YOUNG
5001.jpg,MIDDLE
6133.jpg,MIDDLE
23615.jpg,MIDDLE
4186.jpg,YOUNG
18207.jpg,MIDDLE
11828.jpg,YOUNG
20269.jpg,MIDDLE
5620.jpg,MIDDLE
831.jpg,YOUNG
4100.jpg,MIDDLE
4568.jpg,YOUNG
2841.jpg,MIDDLE
22568.jpg,OLD
22582.jpg,MIDDLE
23944.jpg,YOUNG
17344.jpg,MIDDLE
17224.jpg,MIDDLE
2783.jpg,MIDDLE
18365.jpg,OLD
1040.jpg,MIDDLE
8597.jpg,YOUNG
18721.jpg,YOUNG
18278.jpg,MIDDLE
22618.jpg,YOUNG
23066.jpg,MIDDLE
3380.jpg,YOUNG
4999.jpg,MIDDLE
8144.jpg,YOUNG
3073.jpg,MIDDLE
18010.jpg,MIDDLE
8330.jpg,YOUNG
686.jpg,YOUNG
19151.jpg,MIDDLE
7408.jpg,YOUNG
16805.jpg,YOUNG
9689.jpg,YOUNG
13172.jpg,MIDDLE
24493.jpg,MIDDLE
15680.jpg,YOUNG
11037.jpg,OLD
7.jpg,MIDDLE
4067.jpg,MIDDLE
4950.jpg,MIDDLE
2706.jpg,MIDDLE
10238.jpg,YOUNG
13978.jpg,MIDDLE
21453.jpg,YOUNG
228.jpg,YOUNG
14710.jpg,MIDDLE
8136.jpg,MIDDLE
16903.jpg,MIDDLE
7031.jpg,YOUNG
4337.jpg,YOUNG
25850.jpg,YOUNG
23627.jpg,MIDDLE
11504.jpg,YOUNG
19741.jpg,YOUNG
24018.jpg,YOUNG
6704.jpg,OLD
23984.jpg,YOUNG
17251.jpg,MIDDLE
6368.jpg,YOUNG
23031.jpg,MIDDLE
2125.jpg,MIDDLE
16258.jpg,MIDDLE
7649.jpg,MIDDLE
2920.jpg,OLD
18494.jpg,MIDDLE
26504.jpg,OLD
25006.jpg,OLD
12337.jpg,YOUNG
24331.jpg,OLD
4119.jpg,YOUNG
19886.jpg,YOUNG
21345.jpg,MIDDLE
18657.jpg,YOUNG
18586.jpg,MIDDLE
25647.jpg,OLD
19695.jpg,YOUNG
8905.jpg,YOUNG
13574.jpg,YOUNG
5043.jpg,YOUNG
17109.jpg,YOUNG
21909.jpg,MIDDLE
9009.jpg,OLD
10230.jpg,MIDDLE
7200.jpg,OLD
16890.jpg,MIDDLE
18915.jpg,MIDDLE
2197.jpg,MIDDLE
8621.jpg,MIDDLE
3675.jpg,OLD
11034.jpg,YOUNG
25404.jpg,MIDDLE
4098.jpg,YOUNG
16041.jpg,MIDDLE
23931.jpg,YOUNG
19286.jpg,MIDDLE
23863.jpg,MIDDLE
13798.jpg,OLD
25289.jpg,MIDDLE
6863.jpg,MIDDLE
13772.jpg,MIDDLE
1768.jpg,MIDDLE
21076.jpg,MIDDLE
1096.jpg,OLD
26015.jpg,YOUNG
5658.jpg,MIDDLE
26221.jpg,MIDDLE
23620.jpg,YOUNG
21872.jpg,YOUNG
1478.jpg,YOUNG
22520.jpg,MIDDLE
2695.jpg,YOUNG
4604.jpg,MIDDLE
18867.jpg,MIDDLE
15102.jpg,YOUNG
4249.jpg,YOUNG
12560.jpg,YOUNG
21772.jpg,MIDDLE
11052.jpg,YOUNG
7923.jpg,MIDDLE
21525.jpg,YOUNG
12856.jpg,OLD
11238.jpg,MIDDLE
17017.jpg,YOUNG
18348.jpg,YOUNG
13043.jpg,YOUNG
20817.jpg,YOUNG
19324.jpg,MIDDLE
1431.jpg,YOUNG
6730.jpg,OLD
6554.jpg,MIDDLE
21869.jpg,MIDDLE
3492.jpg,YOUNG
9869.jpg,YOUNG
13841.jpg,YOUNG
8999.jpg,MIDDLE
15780.jpg,MIDDLE
10241.jpg,YOUNG
13006.jpg,YOUNG
20322.jpg,MIDDLE
24054.jpg,MIDDLE
21310.jpg,MIDDLE
24707.jpg,YOUNG
3292.jpg,MIDDLE
18392.jpg,MIDDLE
7731.jpg,YOUNG
26522.jpg,MIDDLE
25614.jpg,YOUNG
11283.jpg,YOUNG
1485.jpg,YOUNG
15057.jpg,YOUNG
9582.jpg,OLD
10634.jpg,MIDDLE
15146.jpg,MIDDLE
16049.jpg,MIDDLE
13461.jpg,YOUNG
147.jpg,YOUNG
22636.jpg,MIDDLE
6512.jpg,OLD
1876.jpg,MIDDLE
14940.jpg,MIDDLE
3638.jpg,MIDDLE
376.jpg,MIDDLE
9357.jpg,YOUNG
